{
  "type": "FeatureCollection",
  "features": [
    {
      "type": "Feature",
      "properties": {
        "title": "4 <b>convicted</b> felons face <b>charges</b> in connection with Brockton shooting - masslive.com",
        "description": "**4 <b>convicted</b> felons face <b>charges</b> in connection with Brockton shooting - masslive.com**\n\nFederal prosecutors say Miranda is a member of “Head Shot Mafia,” which they described as “violent <b>drug</b> crew operating in Brockton and elsewhere in&nbsp;...\n\n[[https://www.google.com/url?rct=j&sa=t&url=https://www.masslive.com/news/2025/02/4-convicted-felons-face-charges-in-connection-with-brockton-shooting.html&ct=ga&cd=CAIyHDRjMzgzYjhmNDUwOTBmOWM6Y29tOmVzOlVTOkw&usg=AOvVaw3Q9td_6N5ShNH8GjTzy5rU|Ver la fuente]]",
        "published": "2025-02-14T20:25:12Z",
        "apa_citation": "4 <b>convicted</b> felons face <b>charges</b> in connection with Brockton shooting - masslive.com. (2025-02-14T20:25:12Z). [Blog post]. Recuperado de https://www.google.com/url?rct=j&sa=t&url=https://www.masslive.com/news/2025/02/4-convicted-felons-face-charges-in-connection-with-brockton-shooting.html&ct=ga&cd=CAIyHDRjMzgzYjhmNDUwOTBmOWM6Y29tOmVzOlVTOkw&usg=AOvVaw3Q9td_6N5ShNH8GjTzy5rU"
      },
      "geometry": {
        "type": "Point",
        "coordinates": [
          -71.0183787,
          42.0834335
        ]
      }
    },
    {
      "type": "Feature",
      "properties": {
        "title": "California Man <b>Sentenced</b> to Over 5 Years in Federal <b>Prison</b> for Conspiracy to Distribute ... - DEA.gov",
        "description": "**California Man <b>Sentenced</b> to Over 5 Years in Federal <b>Prison</b> for Conspiracy to Distribute ... - DEA.gov**\n\n... <b>Crime Drug</b> Enforcement Task Force (OCDETF) operation. OCDETF identifies, disrupts, and dismantles the highest-level criminal organizations that&nbsp;...\n\n[[https://www.google.com/url?rct=j&sa=t&url=https://www.dea.gov/press-releases/2025/02/14/california-man-sentenced-over-5-years-federal-prison-for-conspiracy&ct=ga&cd=CAIyHDRjMzgzYjhmNDUwOTBmOWM6Y29tOmVzOlVTOkw&usg=AOvVaw1e9uJEj561J-Jf7ORzZqpl|Ver la fuente]]",
        "published": "2025-02-14T20:09:40Z",
        "apa_citation": "California Man <b>Sentenced</b> to Over 5 Years in Federal <b>Prison</b> for Conspiracy to Distribute ... - DEA.gov. (2025-02-14T20:09:40Z). [Blog post]. Recuperado de https://www.google.com/url?rct=j&sa=t&url=https://www.dea.gov/press-releases/2025/02/14/california-man-sentenced-over-5-years-federal-prison-for-conspiracy&ct=ga&cd=CAIyHDRjMzgzYjhmNDUwOTBmOWM6Y29tOmVzOlVTOkw&usg=AOvVaw1e9uJEj561J-Jf7ORzZqpl"
      },
      "geometry": {
        "type": "Point",
        "coordinates": [
          -58.7797943,
          -30.9558743
        ]
      }
    },
    {
      "type": "Feature",
      "properties": {
        "title": "<b>Drug</b> cartel leader <b>sentenced</b> to life in Midland for trafficking, attempted murder",
        "description": "**<b>Drug</b> cartel leader <b>sentenced</b> to life in Midland for trafficking, attempted murder**\n\n... <b>sentenced</b> to a life <b>sentence</b> in Midland for <b>drug</b> trafficking ... Towanda R. Thorne-James, DEA special agent in <b>charge</b> of the El Paso&nbsp;...\n\n[[https://www.google.com/url?rct=j&sa=t&url=https://www.mrt.com/news/crime/article/drug-cartel-leader-life-sentence-midland-20167979.php&ct=ga&cd=CAIyHDRjMzgzYjhmNDUwOTBmOWM6Y29tOmVzOlVTOkw&usg=AOvVaw3hg8kMy1bI-gn3ewtJiNus|Ver la fuente]]",
        "published": "2025-02-14T19:27:47Z",
        "apa_citation": "<b>Drug</b> cartel leader <b>sentenced</b> to life in Midland for trafficking, attempted murder. (2025-02-14T19:27:47Z). [Blog post]. Recuperado de https://www.google.com/url?rct=j&sa=t&url=https://www.mrt.com/news/crime/article/drug-cartel-leader-life-sentence-midland-20167979.php&ct=ga&cd=CAIyHDRjMzgzYjhmNDUwOTBmOWM6Y29tOmVzOlVTOkw&usg=AOvVaw3hg8kMy1bI-gn3ewtJiNus"
      },
      "geometry": {
        "type": "Point",
        "coordinates": [
          -102.0103767,
          31.83688
        ]
      }
    },
    {
      "type": "Feature",
      "properties": {
        "title": "Midland DTO Leader <b>Sentenced</b> to Life in Federal <b>Prison</b> - DEA.gov",
        "description": "**Midland DTO Leader <b>Sentenced</b> to Life in Federal <b>Prison</b> - DEA.gov**\n\n... <b>prison</b> for his criminal actions as the leader of a <b>drug</b> trafficking organization tied to a Mexican cartel. According to court documents, Jose&nbsp;...\n\n[[https://www.google.com/url?rct=j&sa=t&url=https://www.dea.gov/press-releases/2025/02/14/midland-dto-leader-sentenced-life-federal-prison&ct=ga&cd=CAIyHDRjMzgzYjhmNDUwOTBmOWM6Y29tOmVzOlVTOkw&usg=AOvVaw0a-7kMaIUnaAl2BZ7xVnf8|Ver la fuente]]",
        "published": "2025-02-14T18:41:22Z",
        "apa_citation": "Midland DTO Leader <b>Sentenced</b> to Life in Federal <b>Prison</b> - DEA.gov. (2025-02-14T18:41:22Z). [Blog post]. Recuperado de https://www.google.com/url?rct=j&sa=t&url=https://www.dea.gov/press-releases/2025/02/14/midland-dto-leader-sentenced-life-federal-prison&ct=ga&cd=CAIyHDRjMzgzYjhmNDUwOTBmOWM6Y29tOmVzOlVTOkw&usg=AOvVaw0a-7kMaIUnaAl2BZ7xVnf8"
      },
      "geometry": {
        "type": "Point",
        "coordinates": [
          -58.7797943,
          -30.9558743
        ]
      }
    },
    {
      "type": "Feature",
      "properties": {
        "title": "Pennsylvania man receives 10-year <b>sentence</b> for fentanyl-related <b>crime</b> | Legal Newsline",
        "description": "**Pennsylvania man receives 10-year <b>sentence</b> for fentanyl-related <b>crime</b> | Legal Newsline**\n\nA Pennsylvania man has been <b>sentenced</b> to a decade in federal <b>prison</b> for <b>drug</b>-related <b>offenses</b> in West Virginia.\n\n[[https://www.google.com/url?rct=j&sa=t&url=https://legalnewsline.com/stories/669781939-pennsylvania-man-receives-10-year-sentence-for-fentanyl-related-crime&ct=ga&cd=CAIyHDRjMzgzYjhmNDUwOTBmOWM6Y29tOmVzOlVTOkw&usg=AOvVaw0p7J8dxbasb1ke8g5o_Fec|Ver la fuente]]",
        "published": "2025-02-14T18:10:51Z",
        "apa_citation": "Pennsylvania man receives 10-year <b>sentence</b> for fentanyl-related <b>crime</b> | Legal Newsline. (2025-02-14T18:10:51Z). [Blog post]. Recuperado de https://www.google.com/url?rct=j&sa=t&url=https://legalnewsline.com/stories/669781939-pennsylvania-man-receives-10-year-sentence-for-fentanyl-related-crime&ct=ga&cd=CAIyHDRjMzgzYjhmNDUwOTBmOWM6Y29tOmVzOlVTOkw&usg=AOvVaw0p7J8dxbasb1ke8g5o_Fec"
      },
      "geometry": {
        "type": "Point",
        "coordinates": [
          -80.8408415,
          38.4758406
        ]
      }
    },
    {
      "type": "Feature",
      "properties": {
        "title": "Pennsylvania man <b>sentenced</b> on <b>drug</b>-related <b>charges</b> in WV - WBOY.com",
        "description": "**Pennsylvania man <b>sentenced</b> on <b>drug</b>-related <b>charges</b> in WV - WBOY.com**\n\n(WBOY) — A Pennsylvania man has been <b>sentenced</b> to federal <b>prison</b> after <b>drugs</b> were found during a traffic stop in Harrison County. Jo-El Torres in 2020.\n\n[[https://www.google.com/url?rct=j&sa=t&url=https://www.wboy.com/news/crime/pennsylvania-man-sentenced-on-drug-related-charges-in-wv/&ct=ga&cd=CAIyHDRjMzgzYjhmNDUwOTBmOWM6Y29tOmVzOlVTOkw&usg=AOvVaw0jZUvH9pQFbH3NSyElNJVv|Ver la fuente]]",
        "published": "2025-02-14T17:51:39Z",
        "apa_citation": "Pennsylvania man <b>sentenced</b> on <b>drug</b>-related <b>charges</b> in WV - WBOY.com. (2025-02-14T17:51:39Z). [Blog post]. Recuperado de https://www.google.com/url?rct=j&sa=t&url=https://www.wboy.com/news/crime/pennsylvania-man-sentenced-on-drug-related-charges-in-wv/&ct=ga&cd=CAIyHDRjMzgzYjhmNDUwOTBmOWM6Y29tOmVzOlVTOkw&usg=AOvVaw0jZUvH9pQFbH3NSyElNJVv"
      },
      "geometry": {
        "type": "Point",
        "coordinates": [
          -80.8408415,
          38.4758406
        ]
      }
    },
    {
      "type": "Feature",
      "properties": {
        "title": "Pennsylvania man <b>sentenced</b> for attempting to sell fentanyl in Clarksburg - WDTV",
        "description": "**Pennsylvania man <b>sentenced</b> for attempting to sell fentanyl in Clarksburg - WDTV**\n\nThis is Torres's third&nbsp;...\n\n[[https://www.google.com/url?rct=j&sa=t&url=https://www.wdtv.com/2025/02/14/pennsylvania-man-sentenced-attempting-sell-fentanyl-clarksburg/&ct=ga&cd=CAIyHDRjMzgzYjhmNDUwOTBmOWM6Y29tOmVzOlVTOkw&usg=AOvVaw1nlLuUM9VfowcKbAe-NU1N|Ver la fuente]]",
        "published": "2025-02-14T16:58:04Z",
        "apa_citation": "Pennsylvania man <b>sentenced</b> for attempting to sell fentanyl in Clarksburg - WDTV. (2025-02-14T16:58:04Z). [Blog post]. Recuperado de https://www.google.com/url?rct=j&sa=t&url=https://www.wdtv.com/2025/02/14/pennsylvania-man-sentenced-attempting-sell-fentanyl-clarksburg/&ct=ga&cd=CAIyHDRjMzgzYjhmNDUwOTBmOWM6Y29tOmVzOlVTOkw&usg=AOvVaw1nlLuUM9VfowcKbAe-NU1N"
      },
      "geometry": {
        "type": "Point",
        "coordinates": [
          -80.3445341,
          39.2806451
        ]
      }
    },
    {
      "type": "Feature",
      "properties": {
        "title": "Jordan's military is test-running an air bridge for aid to Gaza - TPR - The Public's Radio",
        "description": "**Jordan's military is test-running an air bridge for aid to Gaza - TPR - The Public's Radio**\n\n... <b>essential medicines</b> to Gaza hospitals. “Anesthesia, medications for chronic diseases — these are the things they lack in Gaza hospitals and they&nbsp;...\n\n[[https://www.google.com/url?rct=j&sa=t&url=https://thepublicsradio.org/%3Fp%3D81777&ct=ga&cd=CAIyHDFiMDNhNDA3ZWU2NGIxYjg6Y29tOmVzOlVTOkw&usg=AOvVaw0gI3m2W0Ssta3Ku3ByZrLV|Ver la fuente]]",
        "published": "2025-02-14T19:03:32Z",
        "apa_citation": "Jordan's military is test-running an air bridge for aid to Gaza - TPR - The Public's Radio. (2025-02-14T19:03:32Z). [Blog post]. Recuperado de https://www.google.com/url?rct=j&sa=t&url=https://thepublicsradio.org/%3Fp%3D81777&ct=ga&cd=CAIyHDFiMDNhNDA3ZWU2NGIxYjg6Y29tOmVzOlVTOkw&usg=AOvVaw0gI3m2W0Ssta3Ku3ByZrLV"
      },
      "geometry": {
        "type": "Point",
        "coordinates": [
          32.8066057,
          -23.328398
        ]
      }
    },
    {
      "type": "Feature",
      "properties": {
        "title": "Jordan's military is test-running an air bridge for aid to Gaza - NPR",
        "description": "**Jordan's military is test-running an air bridge for aid to Gaza - NPR**\n\n... <b>essential medicines</b> to Gaza hospitals. &quot;Anesthesia, medications for chronic diseases — these are the things they lack in Gaza hospitals and they&nbsp;...\n\n[[https://www.google.com/url?rct=j&sa=t&url=https://www.npr.org/2025/02/14/g-s1-48677/gaza-aid-jordan-israel-hamas-ceasefire&ct=ga&cd=CAIyHDFiMDNhNDA3ZWU2NGIxYjg6Y29tOmVzOlVTOkw&usg=AOvVaw0RPhnO3tJn_Vw5p9mez4Of|Ver la fuente]]",
        "published": "2025-02-14T16:29:40Z",
        "apa_citation": "Jordan's military is test-running an air bridge for aid to Gaza - NPR. (2025-02-14T16:29:40Z). [Blog post]. Recuperado de https://www.google.com/url?rct=j&sa=t&url=https://www.npr.org/2025/02/14/g-s1-48677/gaza-aid-jordan-israel-hamas-ceasefire&ct=ga&cd=CAIyHDFiMDNhNDA3ZWU2NGIxYjg6Y29tOmVzOlVTOkw&usg=AOvVaw0RPhnO3tJn_Vw5p9mez4Of"
      },
      "geometry": {
        "type": "Point",
        "coordinates": [
          32.8066057,
          -23.328398
        ]
      }
    },
    {
      "type": "Feature",
      "properties": {
        "title": "Elusive <b>essential</b> NCD <b>drugs</b> compound suffering in Africa - New Vision Official",
        "description": "**Elusive <b>essential</b> NCD <b>drugs</b> compound suffering in Africa - New Vision Official**\n\nElusive <b>essential</b> NCD <b>drugs</b> compound suffering in Africa. 1 hours ago. According to the World Health Organisation (WHO), one out of every two people&nbsp;...\n\n[[https://www.google.com/url?rct=j&sa=t&url=https://www.newvision.co.ug/category/health/elusive-essential-ncd-drugs-compound-sufferin-NV_204929&ct=ga&cd=CAIyHDFiMDNhNDA3ZWU2NGIxYjg6Y29tOmVzOlVTOkw&usg=AOvVaw37p1PTllSZPc22WZJsBmrZ|Ver la fuente]]",
        "published": "2025-02-14T14:36:22Z",
        "apa_citation": "Elusive <b>essential</b> NCD <b>drugs</b> compound suffering in Africa - New Vision Official. (2025-02-14T14:36:22Z). [Blog post]. Recuperado de https://www.google.com/url?rct=j&sa=t&url=https://www.newvision.co.ug/category/health/elusive-essential-ncd-drugs-compound-sufferin-NV_204929&ct=ga&cd=CAIyHDFiMDNhNDA3ZWU2NGIxYjg6Y29tOmVzOlVTOkw&usg=AOvVaw37p1PTllSZPc22WZJsBmrZ"
      },
      "geometry": {
        "type": "Point",
        "coordinates": [
          17.7578122,
          11.5024338
        ]
      }
    },
    {
      "type": "Feature",
      "properties": {
        "title": "Elusive <b>essential</b> NCD <b>drugs</b> compound suffering in Africa - New Vision",
        "description": "**Elusive <b>essential</b> NCD <b>drugs</b> compound suffering in Africa - New Vision**\n\nHowever, the biggest hurdle she faced was accessing <b>essential medicines</b>. &quot;The targeted treatment sessions I needed, called Herceptin, were very&nbsp;...\n\n[[https://www.google.com/url?rct=j&sa=t&url=https://www.newvision.co.ug/articledetails/204929&ct=ga&cd=CAIyHDFiMDNhNDA3ZWU2NGIxYjg6Y29tOmVzOlVTOkw&usg=AOvVaw1MIHuVXCVFPWHSnhHoFqbY|Ver la fuente]]",
        "published": "2025-02-14T14:17:16Z",
        "apa_citation": "Elusive <b>essential</b> NCD <b>drugs</b> compound suffering in Africa - New Vision. (2025-02-14T14:17:16Z). [Blog post]. Recuperado de https://www.google.com/url?rct=j&sa=t&url=https://www.newvision.co.ug/articledetails/204929&ct=ga&cd=CAIyHDFiMDNhNDA3ZWU2NGIxYjg6Y29tOmVzOlVTOkw&usg=AOvVaw1MIHuVXCVFPWHSnhHoFqbY"
      },
      "geometry": {
        "type": "Point",
        "coordinates": [
          17.7578122,
          11.5024338
        ]
      }
    },
    {
      "type": "Feature",
      "properties": {
        "title": "DEFT requesting proposals for opioid treatment, recovery programs in Richmond County",
        "description": "**DEFT requesting proposals for opioid treatment, recovery programs in Richmond County**\n\nCommissioners have also previously approved funding for a treatment program at the Richmond County Jail and to provide <b>naloxone</b> to first responders.\n\n[[https://www.google.com/url?rct=j&sa=t&url=https://www.richmondobserver.com/stories/deft-offering-150k-from-richmond-county-opioid-settlement-for-treatment-recovery-programs,30692&ct=ga&cd=CAIyHDlkZGY4NzEwNGQ5ZDIzMzQ6Y29tOmVzOlVTOkw&usg=AOvVaw1_gOgkFakGi1VCQRUoe7Hh|Ver la fuente]]",
        "published": "2025-02-14T18:14:23Z",
        "apa_citation": "DEFT requesting proposals for opioid treatment, recovery programs in Richmond County. (2025-02-14T18:14:23Z). [Blog post]. Recuperado de https://www.google.com/url?rct=j&sa=t&url=https://www.richmondobserver.com/stories/deft-offering-150k-from-richmond-county-opioid-settlement-for-treatment-recovery-programs,30692&ct=ga&cd=CAIyHDlkZGY4NzEwNGQ5ZDIzMzQ6Y29tOmVzOlVTOkw&usg=AOvVaw1_gOgkFakGi1VCQRUoe7Hh"
      },
      "geometry": {
        "type": "Point",
        "coordinates": [
          -84.8973566,
          39.8284105
        ]
      }
    },
    {
      "type": "Feature",
      "properties": {
        "title": "Four charged in weapons, drug bust in North Bay - CTV News",
        "description": "**Four charged in weapons, drug bust in North Bay - CTV News**\n\nDrugs seized are believed to be 18 grams of fentanyl, 157 grams of crystal meth, 16 grams of cocaine, 66 8-mg hydromorphone pills and 170 <b>naloxone</b>&nbsp;...\n\n[[https://www.google.com/url?rct=j&sa=t&url=https://www.ctvnews.ca/northern-ontario/article/four-charged-in-weapons-drug-bust-in-north-bay/&ct=ga&cd=CAIyHDlkZGY4NzEwNGQ5ZDIzMzQ6Y29tOmVzOlVTOkw&usg=AOvVaw2V1dPiNrMBKw5DKOG1tB3Y|Ver la fuente]]",
        "published": "2025-02-14T14:35:20Z",
        "apa_citation": "Four charged in weapons, drug bust in North Bay - CTV News. (2025-02-14T14:35:20Z). [Blog post]. Recuperado de https://www.google.com/url?rct=j&sa=t&url=https://www.ctvnews.ca/northern-ontario/article/four-charged-in-weapons-drug-bust-in-north-bay/&ct=ga&cd=CAIyHDlkZGY4NzEwNGQ5ZDIzMzQ6Y29tOmVzOlVTOkw&usg=AOvVaw2V1dPiNrMBKw5DKOG1tB3Y"
      },
      "geometry": {
        "type": "Point",
        "coordinates": [
          -79.4607617,
          46.3092115
        ]
      }
    },
    {
      "type": "Feature",
      "properties": {
        "title": "New <b>addiction recovery</b> center set to open in Harrison County - WDTV",
        "description": "**New <b>addiction recovery</b> center set to open in Harrison County - WDTV**\n\nCLARKSBURG, W.Va (&nbsp;...\n\n[[https://www.google.com/url?rct=j&sa=t&url=https://www.wdtv.com/2025/02/14/new-addiction-recovery-center-set-open-harrison-county/&ct=ga&cd=CAIyHGY2NWFiNWRiMjQ3ZTQ0NGQ6Y29tOmVzOlVTOkw&usg=AOvVaw11LDROLoHgsH3ZVAmlLHw3|Ver la fuente]]",
        "published": "2025-02-14T18:41:02Z",
        "apa_citation": "New <b>addiction recovery</b> center set to open in Harrison County - WDTV. (2025-02-14T18:41:02Z). [Blog post]. Recuperado de https://www.google.com/url?rct=j&sa=t&url=https://www.wdtv.com/2025/02/14/new-addiction-recovery-center-set-open-harrison-county/&ct=ga&cd=CAIyHGY2NWFiNWRiMjQ3ZTQ0NGQ6Y29tOmVzOlVTOkw&usg=AOvVaw11LDROLoHgsH3ZVAmlLHw3"
      },
      "geometry": {
        "type": "Point",
        "coordinates": [
          -94.3982158,
          32.5233959
        ]
      }
    },
    {
      "type": "Feature",
      "properties": {
        "title": "Exploring the value and acceptability of a patient navigator program for people who inject ...",
        "description": "**Exploring the value and acceptability of a patient navigator program for people who inject ...**\n\nRising rates of injection drug use associated infective endocarditis in Virginia with missed opportunities for <b>addiction treatment</b> referral: a&nbsp;...\n\n[[https://www.google.com/url?rct=j&sa=t&url=https://bmcinfectdis.biomedcentral.com/articles/10.1186/s12879-025-10617-y&ct=ga&cd=CAIyHGY2NWFiNWRiMjQ3ZTQ0NGQ6Y29tOmVzOlVTOkw&usg=AOvVaw2YgfVaOdV0PJULGP7-hPZh|Ver la fuente]]",
        "published": "2025-02-14T18:20:49Z",
        "apa_citation": "Exploring the value and acceptability of a patient navigator program for people who inject .... (2025-02-14T18:20:49Z). [Blog post]. Recuperado de https://www.google.com/url?rct=j&sa=t&url=https://bmcinfectdis.biomedcentral.com/articles/10.1186/s12879-025-10617-y&ct=ga&cd=CAIyHGY2NWFiNWRiMjQ3ZTQ0NGQ6Y29tOmVzOlVTOkw&usg=AOvVaw2YgfVaOdV0PJULGP7-hPZh"
      },
      "geometry": {
        "type": "Point",
        "coordinates": [
          -78.4927721,
          37.1232245
        ]
      }
    },
    {
      "type": "Feature",
      "properties": {
        "title": "Menninger News",
        "description": "**Menninger News**\n\nNow in Network with Most Major Insurance Plans. <b>Services</b>. <b>Center</b> for <b>Addiction</b> Medicine &middot; <b>Treatment</b> for Adults &middot; <b>Treatment</b> for Young Adults&nbsp;...\n\n[[https://www.google.com/url?rct=j&sa=t&url=https://www.menningerclinic.org/about/about/news&ct=ga&cd=CAIyHGY2NWFiNWRiMjQ3ZTQ0NGQ6Y29tOmVzOlVTOkw&usg=AOvVaw3D5FdRgSLA_oNhuPAX3jH2|Ver la fuente]]",
        "published": "2025-02-14T17:40:38Z",
        "apa_citation": "Menninger News. (2025-02-14T17:40:38Z). [Blog post]. Recuperado de https://www.google.com/url?rct=j&sa=t&url=https://www.menningerclinic.org/about/about/news&ct=ga&cd=CAIyHGY2NWFiNWRiMjQ3ZTQ0NGQ6Y29tOmVzOlVTOkw&usg=AOvVaw3D5FdRgSLA_oNhuPAX3jH2"
      },
      "geometry": {
        "type": "Point",
        "coordinates": [
          135.4939905,
          34.6986929
        ]
      }
    },
    {
      "type": "Feature",
      "properties": {
        "title": "Better Days Treatment Center Extends Personalized <b>Addiction Treatment</b> for Drug Rehab in ...",
        "description": "**Better Days Treatment Center Extends Personalized <b>Addiction Treatment</b> for Drug Rehab in ...**\n\nAnaheim, California – Better Days <b>Treatment Center</b>, one of the most renowned rehab and detox facilities in Anaheim, is excited to announce that it&nbsp;...\n\n[[https://www.google.com/url?rct=j&sa=t&url=https://www.einnews.com/pr_news/786099046/better-days-treatment-center-extends-personalized-addiction-treatment-for-drug-rehab-in-california&ct=ga&cd=CAIyHGY2NWFiNWRiMjQ3ZTQ0NGQ6Y29tOmVzOlVTOkw&usg=AOvVaw2ZW9iITJYEUHC8-23qK7HW|Ver la fuente]]",
        "published": "2025-02-14T17:02:48Z",
        "apa_citation": "Better Days Treatment Center Extends Personalized <b>Addiction Treatment</b> for Drug Rehab in .... (2025-02-14T17:02:48Z). [Blog post]. Recuperado de https://www.google.com/url?rct=j&sa=t&url=https://www.einnews.com/pr_news/786099046/better-days-treatment-center-extends-personalized-addiction-treatment-for-drug-rehab-in-california&ct=ga&cd=CAIyHGY2NWFiNWRiMjQ3ZTQ0NGQ6Y29tOmVzOlVTOkw&usg=AOvVaw2ZW9iITJYEUHC8-23qK7HW"
      },
      "geometry": {
        "type": "Point",
        "coordinates": [
          -117.911732,
          33.8347516
        ]
      }
    },
    {
      "type": "Feature",
      "properties": {
        "title": "Dual Diagnosis Care by Invigorate Behavioral Health in Los Angeles - EIN Presswire",
        "description": "**Dual Diagnosis Care by Invigorate Behavioral Health in Los Angeles - EIN Presswire**\n\nTraditional <b>treatment</b> programs often focus on either <b>substance abuse</b> or mental health, leaving gaps in care that hinder long-term <b>recovery</b>. Invigorate&nbsp;...\n\n[[https://www.google.com/url?rct=j&sa=t&url=https://www.einpresswire.com/article/784664837/mental-health-and-addiction-recovery-dual-diagnosis-care-by-invigorate-behavioral-health-in-los-angeles&ct=ga&cd=CAIyHGY2NWFiNWRiMjQ3ZTQ0NGQ6Y29tOmVzOlVTOkw&usg=AOvVaw2r4LYUKWn6KFdz-gFWAT-4|Ver la fuente]]",
        "published": "2025-02-14T16:20:32Z",
        "apa_citation": "Dual Diagnosis Care by Invigorate Behavioral Health in Los Angeles - EIN Presswire. (2025-02-14T16:20:32Z). [Blog post]. Recuperado de https://www.google.com/url?rct=j&sa=t&url=https://www.einpresswire.com/article/784664837/mental-health-and-addiction-recovery-dual-diagnosis-care-by-invigorate-behavioral-health-in-los-angeles&ct=ga&cd=CAIyHGY2NWFiNWRiMjQ3ZTQ0NGQ6Y29tOmVzOlVTOkw&usg=AOvVaw2r4LYUKWn6KFdz-gFWAT-4"
      },
      "geometry": {
        "type": "Point",
        "coordinates": [
          -118.242766,
          34.0536909
        ]
      }
    },
    {
      "type": "Feature",
      "properties": {
        "title": "Recent Guest at WhiteSands Treatment's <b>Addiction Treatment</b> Facility Gives a Perfect Review",
        "description": "**Recent Guest at WhiteSands Treatment's <b>Addiction Treatment</b> Facility Gives a Perfect Review**\n\n<b>Therapy</b> Methods of <b>Substance Abuse</b> and <b>Addiction</b> &middot; Cognitive Behavioral <b>Therapy</b> (CBT): This <b>therapy</b> addresses thought patterns and how they influence&nbsp;...\n\n[[https://www.google.com/url?rct=j&sa=t&url=https://whitesandstreatment.com/2025/02/14/patient-gives-rave-review-of-addiction-treatment-facility-in-plant-city/&ct=ga&cd=CAIyHGY2NWFiNWRiMjQ3ZTQ0NGQ6Y29tOmVzOlVTOkw&usg=AOvVaw0gvivpDpc0zfB9xxUIL-kT|Ver la fuente]]",
        "published": "2025-02-14T15:59:48Z",
        "apa_citation": "Recent Guest at WhiteSands Treatment's <b>Addiction Treatment</b> Facility Gives a Perfect Review. (2025-02-14T15:59:48Z). [Blog post]. Recuperado de https://www.google.com/url?rct=j&sa=t&url=https://whitesandstreatment.com/2025/02/14/patient-gives-rave-review-of-addiction-treatment-facility-in-plant-city/&ct=ga&cd=CAIyHGY2NWFiNWRiMjQ3ZTQ0NGQ6Y29tOmVzOlVTOkw&usg=AOvVaw0gvivpDpc0zfB9xxUIL-kT"
      },
      "geometry": {
        "type": "Point",
        "coordinates": [
          -82.5049183,
          27.386945
        ]
      }
    },
    {
      "type": "Feature",
      "properties": {
        "title": "Dump truck hits compact car on Merida's Periferico - The Yucatan Times",
        "description": "**Dump truck hits compact car on Merida's Periferico - The Yucatan Times**\n\nActivities for Valentine's Day in Mérida. You may also like. Activities ... <b>anti</b>-<b>narcotics</b> programs in Mexico &middot; Canada, Mexico and the EU slammed&nbsp;...\n\n[[https://www.google.com/url?rct=j&sa=t&url=https://www.theyucatantimes.com/2025/02/dump-truck-hits-compact-car-on-meridas-periferico/&ct=ga&cd=CAIyHDRmOTVmNDA1OWFmYzMwNjM6Y29tOmVzOlVTOkw&usg=AOvVaw0uwi8iZwLPq6n4mud-QKSH|Ver la fuente]]",
        "published": "2025-02-14T17:30:19Z",
        "apa_citation": "Dump truck hits compact car on Merida's Periferico - The Yucatan Times. (2025-02-14T17:30:19Z). [Blog post]. Recuperado de https://www.google.com/url?rct=j&sa=t&url=https://www.theyucatantimes.com/2025/02/dump-truck-hits-compact-car-on-meridas-periferico/&ct=ga&cd=CAIyHDRmOTVmNDA1OWFmYzMwNjM6Y29tOmVzOlVTOkw&usg=AOvVaw0uwi8iZwLPq6n4mud-QKSH"
      },
      "geometry": {
        "type": "Point",
        "coordinates": [
          -99.1331785,
          19.4326296
        ]
      }
    },
    {
      "type": "Feature",
      "properties": {
        "title": "<b>Anti</b>-<b>drug</b> awareness clubs inaugurated in 200 schools and colleges, says Thoothukudi SP",
        "description": "**<b>Anti</b>-<b>drug</b> awareness clubs inaugurated in 200 schools and colleges, says Thoothukudi SP**\n\n“Thanks to the intensive <b>anti</b>-<b>drug</b> operations, the incidence of drug trafficking and sale of drugs has come down drastically in Thoothukudi district.\n\n[[https://www.google.com/url?rct=j&sa=t&url=https://www.thehindu.com/news/cities/Madurai/anti-drug-awareness-clubs-inaugurated-in-200-schools-and-colleges-says-thoothukudi-sp/article69219044.ece&ct=ga&cd=CAIyHDRmOTVmNDA1OWFmYzMwNjM6Y29tOmVzOlVTOkw&usg=AOvVaw3fnvQp3UzEcGIqeY2PVz4T|Ver la fuente]]",
        "published": "2025-02-14T15:53:14Z",
        "apa_citation": "<b>Anti</b>-<b>drug</b> awareness clubs inaugurated in 200 schools and colleges, says Thoothukudi SP. (2025-02-14T15:53:14Z). [Blog post]. Recuperado de https://www.google.com/url?rct=j&sa=t&url=https://www.thehindu.com/news/cities/Madurai/anti-drug-awareness-clubs-inaugurated-in-200-schools-and-colleges-says-thoothukudi-sp/article69219044.ece&ct=ga&cd=CAIyHDRmOTVmNDA1OWFmYzMwNjM6Y29tOmVzOlVTOkw&usg=AOvVaw3fnvQp3UzEcGIqeY2PVz4T"
      },
      "geometry": {
        "type": "Point",
        "coordinates": [
          77.99381783527917,
          8.84570345
        ]
      }
    },
    {
      "type": "Feature",
      "properties": {
        "title": "Two Arrested, Over 6 Kgs of Ganja Seized in Major <b>Anti</b>-<b>Drug</b> Operation by PS Crime ...",
        "description": "**Two Arrested, Over 6 Kgs of Ganja Seized in Major <b>Anti</b>-<b>Drug</b> Operation by PS Crime ...**\n\nTwo Arrested, Over 6 Kgs of Ganja Seized in Major <b>Anti</b>-<b>Drug</b> Operation by PS Crime &amp; Economic Offence. Tarun Karthick. 3 minutes ago.\n\n[[https://www.google.com/url?rct=j&sa=t&url=https://nicobartimes.com/local-news/two-arrested-over-6-kgs-of-ganja-seized-in-major-anti-drug-operation-by-ps-crime-economic-offence/&ct=ga&cd=CAIyHDRmOTVmNDA1OWFmYzMwNjM6Y29tOmVzOlVTOkw&usg=AOvVaw0aCJgT63YrT3LYBbbAkUWB|Ver la fuente]]",
        "published": "2025-02-14T15:30:15Z",
        "apa_citation": "Two Arrested, Over 6 Kgs of Ganja Seized in Major <b>Anti</b>-<b>Drug</b> Operation by PS Crime .... (2025-02-14T15:30:15Z). [Blog post]. Recuperado de https://www.google.com/url?rct=j&sa=t&url=https://nicobartimes.com/local-news/two-arrested-over-6-kgs-of-ganja-seized-in-major-anti-drug-operation-by-ps-crime-economic-offence/&ct=ga&cd=CAIyHDRmOTVmNDA1OWFmYzMwNjM6Y29tOmVzOlVTOkw&usg=AOvVaw0aCJgT63YrT3LYBbbAkUWB"
      },
      "geometry": {
        "type": "Point",
        "coordinates": [
          -98.4995602,
          36.2860458
        ]
      }
    },
    {
      "type": "Feature",
      "properties": {
        "title": "Trump's freeze on foreign aid has temporarily stopped U.S.-funded <b>anti</b>-<b>narcotics</b> programs in Mexico",
        "description": "**Trump's freeze on foreign aid has temporarily stopped U.S.-funded <b>anti</b>-<b>narcotics</b> programs in Mexico**\n\nTrump's freeze on foreign aid has temporarily stopped U.S.-funded <b>anti</b>-<b>narcotics</b> programs in Mexico &middot; Police seize a truck with drugs and weapons on&nbsp;...\n\n[[https://www.google.com/url?rct=j&sa=t&url=https://www.theyucatantimes.com/2025/02/trumps-freeze-on-foreign-aid-has-temporarily-stopped-u-s-funded-anti-narcotics-programs-in-mexico/&ct=ga&cd=CAIyHDRmOTVmNDA1OWFmYzMwNjM6Y29tOmVzOlVTOkw&usg=AOvVaw0IVstfTP5pKH__XF5prBXk|Ver la fuente]]",
        "published": "2025-02-14T15:23:06Z",
        "apa_citation": "Trump's freeze on foreign aid has temporarily stopped U.S.-funded <b>anti</b>-<b>narcotics</b> programs in Mexico. (2025-02-14T15:23:06Z). [Blog post]. Recuperado de https://www.google.com/url?rct=j&sa=t&url=https://www.theyucatantimes.com/2025/02/trumps-freeze-on-foreign-aid-has-temporarily-stopped-u-s-funded-anti-narcotics-programs-in-mexico/&ct=ga&cd=CAIyHDRmOTVmNDA1OWFmYzMwNjM6Y29tOmVzOlVTOkw&usg=AOvVaw0IVstfTP5pKH__XF5prBXk"
      },
      "geometry": {
        "type": "Point",
        "coordinates": [
          -117.1188309411734,
          32.470204800000005
        ]
      }
    },
    {
      "type": "Feature",
      "properties": {
        "title": "Kathua admin discusses action plan to reinforce Tobacco Control measures - JK MONITOR",
        "description": "**Kathua admin discusses action plan to reinforce Tobacco Control measures - JK MONITOR**\n\n3-month long district-wide <b>anti</b>-<b>drugs campaign</b> launched in Jammu &middot; DC ... campaigns in schools and communities, declaring educational&nbsp;...\n\n[[https://www.google.com/url?rct=j&sa=t&url=https://jkmonitor.org/index.php/entertainment/kathua-admin-discusses-action-plan-to-reinforce-tobacco-control-measures&ct=ga&cd=CAIyHDRmOTVmNDA1OWFmYzMwNjM6Y29tOmVzOlVTOkw&usg=AOvVaw2Zi_tsZfbnKtKW5vfYniAD|Ver la fuente]]",
        "published": "2025-02-14T14:03:25Z",
        "apa_citation": "Kathua admin discusses action plan to reinforce Tobacco Control measures - JK MONITOR. (2025-02-14T14:03:25Z). [Blog post]. Recuperado de https://www.google.com/url?rct=j&sa=t&url=https://jkmonitor.org/index.php/entertainment/kathua-admin-discusses-action-plan-to-reinforce-tobacco-control-measures&ct=ga&cd=CAIyHDRmOTVmNDA1OWFmYzMwNjM6Y29tOmVzOlVTOkw&usg=AOvVaw2Zi_tsZfbnKtKW5vfYniAD"
      },
      "geometry": {
        "type": "Point",
        "coordinates": [
          74.8580917,
          32.7185614
        ]
      }
    },
    {
      "type": "Feature",
      "properties": {
        "title": "Singaporean among three arrested in Johor <b>anti</b>-<b>narcotics</b> raids, drugs worth RM3.1 million seized",
        "description": "**Singaporean among three arrested in Johor <b>anti</b>-<b>narcotics</b> raids, drugs worth RM3.1 million seized**\n\nSingaporean among three arrested in Johor <b>anti</b>-<b>narcotics</b> raids, drugs worth RM3.1 million seized ... Advertising. Advertise With Us. Contact Us.\n\n[[https://www.google.com/url?rct=j&sa=t&url=https://www.dailyexpress.com.my/news/252145/singaporean-among-three-arrested-in-johor-anti-narcotics-raids-drugs-worth-rm3-1-million-seized/&ct=ga&cd=CAIyHDRmOTVmNDA1OWFmYzMwNjM6Y29tOmVzOlVTOkw&usg=AOvVaw3IvqCh3kh2F2lJjW1XM1Bq|Ver la fuente]]",
        "published": "2025-02-14T13:11:09Z",
        "apa_citation": "Singaporean among three arrested in Johor <b>anti</b>-<b>narcotics</b> raids, drugs worth RM3.1 million seized. (2025-02-14T13:11:09Z). [Blog post]. Recuperado de https://www.google.com/url?rct=j&sa=t&url=https://www.dailyexpress.com.my/news/252145/singaporean-among-three-arrested-in-johor-anti-narcotics-raids-drugs-worth-rm3-1-million-seized/&ct=ga&cd=CAIyHDRmOTVmNDA1OWFmYzMwNjM6Y29tOmVzOlVTOkw&usg=AOvVaw3IvqCh3kh2F2lJjW1XM1Bq"
      },
      "geometry": {
        "type": "Point",
        "coordinates": [
          103.3114564,
          2.0228821
        ]
      }
    },
    {
      "type": "Feature",
      "properties": {
        "title": "Pregnant and using <b>cannabis</b>? New study warns of lower birth weight - Planet Detroit",
        "description": "**Pregnant and using <b>cannabis</b>? New study warns of lower birth weight - Planet Detroit**\n\nThe study by researchers at Henry Ford Health's Center for Health Policy &amp; Health Services Research and Michigan State University found that around 15&nbsp;...\n\n[[https://www.google.com/url?rct=j&sa=t&url=https://planetdetroit.org/2025/02/cannabis-use-pregnant-women/&ct=ga&cd=CAIyHDMwYTQ5Yjc0ODA1MGI4OWI6Y29tOmVzOlVTOkw&usg=AOvVaw25J0e-Af9OLvNzz1giTEgu|Ver la fuente]]",
        "published": "2025-02-14T19:02:16Z",
        "apa_citation": "Pregnant and using <b>cannabis</b>? New study warns of lower birth weight - Planet Detroit. (2025-02-14T19:02:16Z). [Blog post]. Recuperado de https://www.google.com/url?rct=j&sa=t&url=https://planetdetroit.org/2025/02/cannabis-use-pregnant-women/&ct=ga&cd=CAIyHDMwYTQ5Yjc0ODA1MGI4OWI6Y29tOmVzOlVTOkw&usg=AOvVaw25J0e-Af9OLvNzz1giTEgu"
      },
      "geometry": {
        "type": "Point",
        "coordinates": [
          -83.07643985976095,
          42.36432
        ]
      }
    },
    {
      "type": "Feature",
      "properties": {
        "title": "<b>Cannabis</b> speaker to come to Pipestone",
        "description": "**<b>Cannabis</b> speaker to come to Pipestone**\n\nN.W. in Pipestone. Topics that will be discussed are the overview of Minnesota's current <b>cannabis legislation</b>, features of the legislation that allow&nbsp;...\n\n[[https://www.google.com/url?rct=j&sa=t&url=https://www.pipestonestar.com/events/community-1/cannabis-speaker-to-come-to-pipestone/&ct=ga&cd=CAIyHDMwYTQ5Yjc0ODA1MGI4OWI6Y29tOmVzOlVTOkw&usg=AOvVaw0imSLT41TJGzxyr-8PoAjz|Ver la fuente]]",
        "published": "2025-02-14T18:24:25Z",
        "apa_citation": "<b>Cannabis</b> speaker to come to Pipestone. (2025-02-14T18:24:25Z). [Blog post]. Recuperado de https://www.google.com/url?rct=j&sa=t&url=https://www.pipestonestar.com/events/community-1/cannabis-speaker-to-come-to-pipestone/&ct=ga&cd=CAIyHDMwYTQ5Yjc0ODA1MGI4OWI6Y29tOmVzOlVTOkw&usg=AOvVaw0imSLT41TJGzxyr-8PoAjz"
      },
      "geometry": {
        "type": "Point",
        "coordinates": [
          -96.2566582,
          44.0270012
        ]
      }
    },
    {
      "type": "Feature",
      "properties": {
        "title": "AG James secures $6M judgment against unlicensed <b>cannabis</b> store in Brooklyn",
        "description": "**AG James secures $6M judgment against unlicensed <b>cannabis</b> store in Brooklyn**\n\n&quot;<b>Rules</b> and <b>regulations</b>, especially over the <b>cannabis</b> industry, are designed to protect New York consumers and keep neighborhoods safe,&quot; said&nbsp;...\n\n[[https://www.google.com/url?rct=j&sa=t&url=https://www.caribbeanlife.com/ag-james-secures-6m-judgment-against-unlicensed-cannabis-store-in-brooklyn/&ct=ga&cd=CAIyHDMwYTQ5Yjc0ODA1MGI4OWI6Y29tOmVzOlVTOkw&usg=AOvVaw3kfH77I7rq_QlrIGQ_RwE4|Ver la fuente]]",
        "published": "2025-02-14T16:49:58Z",
        "apa_citation": "AG James secures $6M judgment against unlicensed <b>cannabis</b> store in Brooklyn. (2025-02-14T16:49:58Z). [Blog post]. Recuperado de https://www.google.com/url?rct=j&sa=t&url=https://www.caribbeanlife.com/ag-james-secures-6m-judgment-against-unlicensed-cannabis-store-in-brooklyn/&ct=ga&cd=CAIyHDMwYTQ5Yjc0ODA1MGI4OWI6Y29tOmVzOlVTOkw&usg=AOvVaw3kfH77I7rq_QlrIGQ_RwE4"
      },
      "geometry": {
        "type": "Point",
        "coordinates": [
          -73.9497211,
          40.6526006
        ]
      }
    },
    {
      "type": "Feature",
      "properties": {
        "title": "Terrapin Opens 2nd Medical <b>Cannabis</b> Dispensary in Pennsylvania",
        "description": "**Terrapin Opens 2nd Medical <b>Cannabis</b> Dispensary in Pennsylvania**\n\nThe dispensary openings come a little more than a year after Gov. Josh Shapiro signed <b>legislation</b> (Act 63) allowing qualified independent Medical&nbsp;...\n\n[[https://www.google.com/url?rct=j&sa=t&url=https://www.cannabisbusinesstimes.com/us-states/pennsylvania/news/15737443/terrapin-opens-2nd-medical-cannabis-dispensary-in-pennsylvania&ct=ga&cd=CAIyHDMwYTQ5Yjc0ODA1MGI4OWI6Y29tOmVzOlVTOkw&usg=AOvVaw3MyiO1Zyw5yjgTUZ1pdqVm|Ver la fuente]]",
        "published": "2025-02-14T14:32:41Z",
        "apa_citation": "Terrapin Opens 2nd Medical <b>Cannabis</b> Dispensary in Pennsylvania. (2025-02-14T14:32:41Z). [Blog post]. Recuperado de https://www.google.com/url?rct=j&sa=t&url=https://www.cannabisbusinesstimes.com/us-states/pennsylvania/news/15737443/terrapin-opens-2nd-medical-cannabis-dispensary-in-pennsylvania&ct=ga&cd=CAIyHDMwYTQ5Yjc0ODA1MGI4OWI6Y29tOmVzOlVTOkw&usg=AOvVaw3MyiO1Zyw5yjgTUZ1pdqVm"
      },
      "geometry": {
        "type": "Point",
        "coordinates": [
          -77.85593833184565,
          40.8025835
        ]
      }
    },
    {
      "type": "Feature",
      "properties": {
        "title": "On a second try, Florida Republicans agree on a law to assist Trump's deportations - WMRA",
        "description": "**On a second try, Florida Republicans agree on a law to assist Trump's deportations - WMRA**\n\nMedical <b>Cannabis</b> in Virginia &middot; WMRA Daily (Podcast) &middot; WMRA Special Series ... The Florida House of Representatives shown here during the special&nbsp;...\n\n[[https://www.google.com/url?rct=j&sa=t&url=https://www.wmra.org/2025-02-13/on-a-second-try-florida-republicans-agree-on-a-law-to-assist-trumps-deportations&ct=ga&cd=CAIyHDMwYTQ5Yjc0ODA1MGI4OWI6Y29tOmVzOlVTOkw&usg=AOvVaw1Kl1DAtE9LOVY-rVB7vQKl|Ver la fuente]]",
        "published": "2025-02-14T12:23:15Z",
        "apa_citation": "On a second try, Florida Republicans agree on a law to assist Trump's deportations - WMRA. (2025-02-14T12:23:15Z). [Blog post]. Recuperado de https://www.google.com/url?rct=j&sa=t&url=https://www.wmra.org/2025-02-13/on-a-second-try-florida-republicans-agree-on-a-law-to-assist-trumps-deportations&ct=ga&cd=CAIyHDMwYTQ5Yjc0ODA1MGI4OWI6Y29tOmVzOlVTOkw&usg=AOvVaw1Kl1DAtE9LOVY-rVB7vQKl"
      },
      "geometry": {
        "type": "Point",
        "coordinates": [
          -78.4927721,
          37.1232245
        ]
      }
    },
    {
      "type": "Feature",
      "properties": {
        "title": "Leaders to consider Guaranteed <b>Income</b> program for some families in Albuquerque",
        "description": "**Leaders to consider Guaranteed <b>Income</b> program for some families in Albuquerque**\n\n... other cities across the country in providing “guaranteed income” to low-income families and the funding would come from <b>cannabis tax revenue</b>. […]\n\n[[https://www.google.com/url?rct=j&sa=t&url=https://www.aol.com/leaders-consider-guaranteed-income-program-023326243.html&ct=ga&cd=CAIyHDAzZGJjMzZmMDNjZTIyY2Q6Y29tOmVzOlVTOkw&usg=AOvVaw3Gd1nJ4y0_sMVFsFkcViTn|Ver la fuente]]",
        "published": "2025-02-14T19:02:54Z",
        "apa_citation": "Leaders to consider Guaranteed <b>Income</b> program for some families in Albuquerque. (2025-02-14T19:02:54Z). [Blog post]. Recuperado de https://www.google.com/url?rct=j&sa=t&url=https://www.aol.com/leaders-consider-guaranteed-income-program-023326243.html&ct=ga&cd=CAIyHDAzZGJjMzZmMDNjZTIyY2Q6Y29tOmVzOlVTOkw&usg=AOvVaw3Gd1nJ4y0_sMVFsFkcViTn"
      },
      "geometry": {
        "type": "Point",
        "coordinates": [
          -106.650985,
          35.0841034
        ]
      }
    },
    {
      "type": "Feature",
      "properties": {
        "title": "Kentucky medical <b>marijuana</b>: <b>Cannabis</b> costs when dispensaries open",
        "description": "**Kentucky medical <b>marijuana</b>: <b>Cannabis</b> costs when dispensaries open**\n\nHe continued, saying that early in 2023, the average item price in Ohio's medical market was $42.39 before <b>tax</b>. ... sales, and traffic as the markets&nbsp;...\n\n[[https://www.google.com/url?rct=j&sa=t&url=https://www.courier-journal.com/story/news/local/2025/02/14/kentucky-medical-marijuana-cannabis-costs-when-dispensaries-open/77723555007/&ct=ga&cd=CAIyHDAzZGJjMzZmMDNjZTIyY2Q6Y29tOmVzOlVTOkw&usg=AOvVaw2dkLHG4HT1MJsrrY5W3dkY|Ver la fuente]]",
        "published": "2025-02-14T17:26:28Z",
        "apa_citation": "Kentucky medical <b>marijuana</b>: <b>Cannabis</b> costs when dispensaries open. (2025-02-14T17:26:28Z). [Blog post]. Recuperado de https://www.google.com/url?rct=j&sa=t&url=https://www.courier-journal.com/story/news/local/2025/02/14/kentucky-medical-marijuana-cannabis-costs-when-dispensaries-open/77723555007/&ct=ga&cd=CAIyHDAzZGJjMzZmMDNjZTIyY2Q6Y29tOmVzOlVTOkw&usg=AOvVaw2dkLHG4HT1MJsrrY5W3dkY"
      },
      "geometry": {
        "type": "Point",
        "coordinates": [
          -82.6881395,
          40.2253569
        ]
      }
    },
    {
      "type": "Feature",
      "properties": {
        "title": "Clemson Rural Health expands focus of on-campus clinic to broader Clemson <b>community</b>",
        "description": "**Clemson Rural Health expands focus of on-campus clinic to broader Clemson <b>community</b>**\n\n... <b>criminal justice</b> – to further its mission of “building people and communities” in South Carolina and beyond. <sup>Want to Discuss?</sup> Get in touch and we&nbsp;...\n\n[[https://www.google.com/url?rct=j&sa=t&url=https://news.clemson.edu/clemson-rural-health-expands-focus-of-on-campus-clinic-to-broader-clemson-community/&ct=ga&cd=CAIyHGRiMTk4YWFlZGM4YzVjMjY6Y29tOmVzOlVTOkw&usg=AOvVaw25NVPRYAkr88HX1CKFUX65|Ver la fuente]]",
        "published": "2025-02-14T20:44:14Z",
        "apa_citation": "Clemson Rural Health expands focus of on-campus clinic to broader Clemson <b>community</b>. (2025-02-14T20:44:14Z). [Blog post]. Recuperado de https://www.google.com/url?rct=j&sa=t&url=https://news.clemson.edu/clemson-rural-health-expands-focus-of-on-campus-clinic-to-broader-clemson-community/&ct=ga&cd=CAIyHGRiMTk4YWFlZGM4YzVjMjY6Y29tOmVzOlVTOkw&usg=AOvVaw25NVPRYAkr88HX1CKFUX65"
      },
      "geometry": {
        "type": "Point",
        "coordinates": [
          -80.4363743,
          33.6874388
        ]
      }
    },
    {
      "type": "Feature",
      "properties": {
        "title": "As SAU and MMU Work to Combine, High School Sweethearts Katie and Bob Gaffney Now ...",
        "description": "**As SAU and MMU Work to Combine, High School Sweethearts Katie and Bob Gaffney Now ...**\n\n<b>Criminal Justice</b>. <b>Criminal Justice</b>. Bachelor of Arts in <b>Criminal Justice</b> &middot; Education. Education. Bachelor of Arts in Early Childhood Education&nbsp;...\n\n[[https://www.google.com/url?rct=j&sa=t&url=https://sau.edu/about-sau/news-events/news/2025/as-sau-and-mmu-work-to-combine-high-school-sweethearts-katie-and-bob-gaffney-now-share-a-college-connection.php&ct=ga&cd=CAIyHGRiMTk4YWFlZGM4YzVjMjY6Y29tOmVzOlVTOkw&usg=AOvVaw1i2rT4mOrTFsPnz-eqKMBv|Ver la fuente]]",
        "published": "2025-02-14T17:31:39Z",
        "apa_citation": "As SAU and MMU Work to Combine, High School Sweethearts Katie and Bob Gaffney Now .... (2025-02-14T17:31:39Z). [Blog post]. Recuperado de https://www.google.com/url?rct=j&sa=t&url=https://sau.edu/about-sau/news-events/news/2025/as-sau-and-mmu-work-to-combine-high-school-sweethearts-katie-and-bob-gaffney-now-share-a-college-connection.php&ct=ga&cd=CAIyHGRiMTk4YWFlZGM4YzVjMjY6Y29tOmVzOlVTOkw&usg=AOvVaw1i2rT4mOrTFsPnz-eqKMBv"
      },
      "geometry": {
        "type": "Point",
        "coordinates": [
          -117.3809607114641,
          33.9744112
        ]
      }
    },
    {
      "type": "Feature",
      "properties": {
        "title": "Judge Bustamante: Rely on the law to maintain integrity - GCU News",
        "description": "**Judge Bustamante: Rely on the law to maintain integrity - GCU News**\n\nAfter graduating with <b>criminal justice</b> and history degrees from GCU in 1994, she studied law at Pepperdine University and established her own law&nbsp;...\n\n[[https://www.google.com/url?rct=j&sa=t&url=https://news.gcu.edu/gcu-news/judge-bustamante-rely-on-the-law-to-maintain-integrity/&ct=ga&cd=CAIyHGRiMTk4YWFlZGM4YzVjMjY6Y29tOmVzOlVTOkw&usg=AOvVaw3ukLQiqso8U4NpYZlfX5HC|Ver la fuente]]",
        "published": "2025-02-14T17:09:32Z",
        "apa_citation": "Judge Bustamante: Rely on the law to maintain integrity - GCU News. (2025-02-14T17:09:32Z). [Blog post]. Recuperado de https://www.google.com/url?rct=j&sa=t&url=https://news.gcu.edu/gcu-news/judge-bustamante-rely-on-the-law-to-maintain-integrity/&ct=ga&cd=CAIyHGRiMTk4YWFlZGM4YzVjMjY6Y29tOmVzOlVTOkw&usg=AOvVaw3ukLQiqso8U4NpYZlfX5HC"
      },
      "geometry": {
        "type": "Point",
        "coordinates": [
          -0.17388979859550668,
          51.498993150000004
        ]
      }
    },
    {
      "type": "Feature",
      "properties": {
        "title": "Attacks on <b>community</b> air monitoring in West Virginia threaten our democracy",
        "description": "**Attacks on <b>community</b> air monitoring in West Virginia threaten our democracy**\n\n<b>Criminal Justice</b> &middot; Education &middot; Environment &amp; Energy &middot; Government &middot; Health &middot; Labor ... Over the past year and a half, I have installed air quality&nbsp;...\n\n[[https://www.google.com/url?rct=j&sa=t&url=https://westvirginiawatch.com/2025/02/14/attacks-on-community-air-monitoring-in-west-virginia-threaten-our-democracy/&ct=ga&cd=CAIyHGRiMTk4YWFlZGM4YzVjMjY6Y29tOmVzOlVTOkw&usg=AOvVaw1_WlTC14rGnowlppTlX5Qz|Ver la fuente]]",
        "published": "2025-02-14T16:58:49Z",
        "apa_citation": "Attacks on <b>community</b> air monitoring in West Virginia threaten our democracy. (2025-02-14T16:58:49Z). [Blog post]. Recuperado de https://www.google.com/url?rct=j&sa=t&url=https://westvirginiawatch.com/2025/02/14/attacks-on-community-air-monitoring-in-west-virginia-threaten-our-democracy/&ct=ga&cd=CAIyHGRiMTk4YWFlZGM4YzVjMjY6Y29tOmVzOlVTOkw&usg=AOvVaw1_WlTC14rGnowlppTlX5Qz"
      },
      "geometry": {
        "type": "Point",
        "coordinates": [
          -80.8408415,
          38.4758406
        ]
      }
    },
    {
      "type": "Feature",
      "properties": {
        "title": "Tabler Executed Following AG Ken Paxton's Efforts to Secure <b>Justice</b> - Texas Border Business",
        "description": "**Tabler Executed Following AG Ken Paxton's Efforts to Secure <b>Justice</b> - Texas Border Business**\n\n... <b>Criminal Justice</b> in Huntsville, Texas. Tabler was pronounced dead at 6:38 p.m.. - Advertisement -. Tags; Attorney General Ken Paxton &middot; Austin&nbsp;...\n\n[[https://www.google.com/url?rct=j&sa=t&url=https://texasborderbusiness.com/tabler-executed-following-ag-ken-paxtons-efforts-to-secure-justice/&ct=ga&cd=CAIyHGRiMTk4YWFlZGM4YzVjMjY6Y29tOmVzOlVTOkw&usg=AOvVaw1EDryGUmTN1E80MnxotlVZ|Ver la fuente]]",
        "published": "2025-02-14T16:46:52Z",
        "apa_citation": "Tabler Executed Following AG Ken Paxton's Efforts to Secure <b>Justice</b> - Texas Border Business. (2025-02-14T16:46:52Z). [Blog post]. Recuperado de https://www.google.com/url?rct=j&sa=t&url=https://texasborderbusiness.com/tabler-executed-following-ag-ken-paxtons-efforts-to-secure-justice/&ct=ga&cd=CAIyHGRiMTk4YWFlZGM4YzVjMjY6Y29tOmVzOlVTOkw&usg=AOvVaw1EDryGUmTN1E80MnxotlVZ"
      },
      "geometry": {
        "type": "Point",
        "coordinates": [
          -86.5859011,
          34.729847
        ]
      }
    },
    {
      "type": "Feature",
      "properties": {
        "title": "<b>Drug</b> cartel leader sentenced to life in Midland for trafficking, attempted murder",
        "description": "**<b>Drug</b> cartel leader sentenced to life in Midland for trafficking, attempted murder**\n\n... <b>drugs</b> and money. On Oct. 1, 2022, <b>Drug</b> Enforcement Administration ... <b>Criminal justice reform</b>: How prosecutors play a role in change. Let's&nbsp;...\n\n[[https://www.google.com/url?rct=j&sa=t&url=https://www.mrt.com/news/crime/article/drug-cartel-leader-life-sentence-midland-20167979.php&ct=ga&cd=CAIyHDRmMWQ5YzQzYTFmMjk4Zjg6Y29tOmVzOlVTOkw&usg=AOvVaw3hg8kMy1bI-gn3ewtJiNus|Ver la fuente]]",
        "published": "2025-02-14T19:27:47Z",
        "apa_citation": "<b>Drug</b> cartel leader sentenced to life in Midland for trafficking, attempted murder. (2025-02-14T19:27:47Z). [Blog post]. Recuperado de https://www.google.com/url?rct=j&sa=t&url=https://www.mrt.com/news/crime/article/drug-cartel-leader-life-sentence-midland-20167979.php&ct=ga&cd=CAIyHDRmMWQ5YzQzYTFmMjk4Zjg6Y29tOmVzOlVTOkw&usg=AOvVaw3hg8kMy1bI-gn3ewtJiNus"
      },
      "geometry": {
        "type": "Point",
        "coordinates": [
          -102.0103767,
          31.83688
        ]
      }
    },
    {
      "type": "Feature",
      "properties": {
        "title": "Body Found in Fire-Damaged Home After Standoff in Brandon, SD | State News - KXLG",
        "description": "**Body Found in Fire-Damaged Home After Standoff in Brandon, SD | State News - KXLG**\n\n<b>Drug</b>-<b>related</b> Crime &middot; Legal Documents &middot; Attorney General Of South Dakota ... <b>Criminal Justice Reform</b> &middot; Political Repression &middot; Executive Branch Of The&nbsp;...\n\n[[https://www.google.com/url?rct=j&sa=t&url=https://www.mykxlg.com/news/state/body-found-in-fire-damaged-home-after-standoff-in-brandon-sd/article_e4fe2dc6-eae2-11ef-857c-e73154633d89.html&ct=ga&cd=CAIyHDRmMWQ5YzQzYTFmMjk4Zjg6Y29tOmVzOlVTOkw&usg=AOvVaw17lkm5ztMASLCOccx_TfzY|Ver la fuente]]",
        "published": "2025-02-14T15:07:14Z",
        "apa_citation": "Body Found in Fire-Damaged Home After Standoff in Brandon, SD | State News - KXLG. (2025-02-14T15:07:14Z). [Blog post]. Recuperado de https://www.google.com/url?rct=j&sa=t&url=https://www.mykxlg.com/news/state/body-found-in-fire-damaged-home-after-standoff-in-brandon-sd/article_e4fe2dc6-eae2-11ef-857c-e73154633d89.html&ct=ga&cd=CAIyHDRmMWQ5YzQzYTFmMjk4Zjg6Y29tOmVzOlVTOkw&usg=AOvVaw17lkm5ztMASLCOccx_TfzY"
      },
      "geometry": {
        "type": "Point",
        "coordinates": [
          36.083769,
          -0.2903187
        ]
      }
    },
    {
      "type": "Feature",
      "properties": {
        "title": "A Sample Proposal for Juvenile <b>Justice Reform</b> in Egypt - fundsforNGOs",
        "description": "**A Sample Proposal for Juvenile <b>Justice Reform</b> in Egypt - fundsforNGOs**\n\nEnsuring <b>legal</b> representation and protecting the <b>due</b> process rights of juveniles are critical components of the proposed <b>reforms</b>. By providing young&nbsp;...\n\n[[https://www.google.com/url?rct=j&sa=t&url=https://www.fundsforngos.org/all-proposals/a-sample-proposal-for-juvenile-justice-reform-in-egypt-18/&ct=ga&cd=CAIyHDRmMWQ5YzQzYTFmMjk4Zjg6Y29tOmVzOlVTOkw&usg=AOvVaw2ZeS3BZiTWJbv3732tnU2Z|Ver la fuente]]",
        "published": "2025-02-14T13:41:23Z",
        "apa_citation": "A Sample Proposal for Juvenile <b>Justice Reform</b> in Egypt - fundsforNGOs. (2025-02-14T13:41:23Z). [Blog post]. Recuperado de https://www.google.com/url?rct=j&sa=t&url=https://www.fundsforngos.org/all-proposals/a-sample-proposal-for-juvenile-justice-reform-in-egypt-18/&ct=ga&cd=CAIyHDRmMWQ5YzQzYTFmMjk4Zjg6Y29tOmVzOlVTOkw&usg=AOvVaw2ZeS3BZiTWJbv3732tnU2Z"
      },
      "geometry": {
        "type": "Point",
        "coordinates": [
          29.2675469,
          26.2540493
        ]
      }
    },
    {
      "type": "Feature",
      "properties": {
        "title": "More than $275M worth of <b>cocaine</b> offloaded by US Coast Guard in San Diego",
        "description": "**More than $275M worth of <b>cocaine</b> offloaded by US Coast Guard in San Diego**\n\n... <b>crossing</b> &middot; Hot Topics / 7 days ago. View All Salvador Rivera &middot; More ... <b>smuggling</b>, <b>drug</b> … <b>Border</b> Crime / 11 hours ago. Mexico losing money over&nbsp;...\n\n[[https://www.google.com/url?rct=j&sa=t&url=https://www.borderreport.com/news/more-than-275m-worth-of-cocaine-offloaded-by-us-coast-guard-in-san-diego/&ct=ga&cd=CAIyHDE3NTVhODAwMWFjYjliMTU6Y29tOmVzOlVTOkw&usg=AOvVaw3CtXKqMQfL2NZV_Gyfuib3|Ver la fuente]]",
        "published": "2025-02-14T16:35:29Z",
        "apa_citation": "More than $275M worth of <b>cocaine</b> offloaded by US Coast Guard in San Diego. (2025-02-14T16:35:29Z). [Blog post]. Recuperado de https://www.google.com/url?rct=j&sa=t&url=https://www.borderreport.com/news/more-than-275m-worth-of-cocaine-offloaded-by-us-coast-guard-in-san-diego/&ct=ga&cd=CAIyHDE3NTVhODAwMWFjYjliMTU6Y29tOmVzOlVTOkw&usg=AOvVaw3CtXKqMQfL2NZV_Gyfuib3"
      },
      "geometry": {
        "type": "Point",
        "coordinates": [
          -117.162772,
          32.7174202
        ]
      }
    },
    {
      "type": "Feature",
      "properties": {
        "title": "Cattle <b>smugglers</b> caught in BSF uniforms on India-Bangladesh <b>border</b>, arrested with weapons",
        "description": "**Cattle <b>smugglers</b> caught in BSF uniforms on India-Bangladesh <b>border</b>, arrested with weapons**\n\n... <b>cross</b>-<b>border smuggling</b> activities. Following their arrests, the ... <b>smuggling</b>, <b>drug trafficking</b>, and infiltration attempts. “Our jawans are&nbsp;...\n\n[[https://www.google.com/url?rct=j&sa=t&url=https://organiser.org/2025/02/14/278184/bharat/cattle-smugglers-caught-in-bsf-uniforms-on-india-bangladesh-border-arrested-with-weapons/&ct=ga&cd=CAIyHDE3NTVhODAwMWFjYjliMTU6Y29tOmVzOlVTOkw&usg=AOvVaw1dm_Ha-YBSgdQ0h4KIqBW2|Ver la fuente]]",
        "published": "2025-02-14T13:49:43Z",
        "apa_citation": "Cattle <b>smugglers</b> caught in BSF uniforms on India-Bangladesh <b>border</b>, arrested with weapons. (2025-02-14T13:49:43Z). [Blog post]. Recuperado de https://www.google.com/url?rct=j&sa=t&url=https://organiser.org/2025/02/14/278184/bharat/cattle-smugglers-caught-in-bsf-uniforms-on-india-bangladesh-border-arrested-with-weapons/&ct=ga&cd=CAIyHDE3NTVhODAwMWFjYjliMTU6Y29tOmVzOlVTOkw&usg=AOvVaw1dm_Ha-YBSgdQ0h4KIqBW2"
      },
      "geometry": {
        "type": "Point",
        "coordinates": [
          91.91961971330143,
          25.591165150000002
        ]
      }
    },
    {
      "type": "Feature",
      "properties": {
        "title": "30 kg Pakistan-origin <b>heroin</b> seized in Punjab, one arrested - Sakshi Post",
        "description": "**30 kg Pakistan-origin <b>heroin</b> seized in Punjab, one arrested - Sakshi Post**\n\n... <b>cross</b>-<b>border smuggling</b> racket and apprehended one <b>drug</b> smuggler and also recovered Pakistan-origin 30 kg <b>heroin</b> along with one car, Punjab&nbsp;...\n\n[[https://www.google.com/url?rct=j&sa=t&url=https://www.sakshipost.com/news/30-kg-pakistan-origin-heroin-seized-punjab-one-arrested-377726&ct=ga&cd=CAIyHDE3NTVhODAwMWFjYjliMTU6Y29tOmVzOlVTOkw&usg=AOvVaw1HnnSdhSnc248tjVvXQmh5|Ver la fuente]]",
        "published": "2025-02-14T11:51:53Z",
        "apa_citation": "30 kg Pakistan-origin <b>heroin</b> seized in Punjab, one arrested - Sakshi Post. (2025-02-14T11:51:53Z). [Blog post]. Recuperado de https://www.google.com/url?rct=j&sa=t&url=https://www.sakshipost.com/news/30-kg-pakistan-origin-heroin-seized-punjab-one-arrested-377726&ct=ga&cd=CAIyHDE3NTVhODAwMWFjYjliMTU6Y29tOmVzOlVTOkw&usg=AOvVaw1HnnSdhSnc248tjVvXQmh5"
      },
      "geometry": {
        "type": "Point",
        "coordinates": [
          75.5004841,
          30.9293211
        ]
      }
    },
    {
      "type": "Feature",
      "properties": {
        "title": "American arrested at Moscow airport for <b>drug</b> smuggling - ProtoThema English",
        "description": "**American arrested at Moscow airport for <b>drug</b> smuggling - ProtoThema English**\n\n... BTC-e <b>cryptocurrency</b> platform. American citizens have been ... Ask me anything. Explore related questions. #<b>drugs</b>#moscow#russia#smuggle#US &middot; &gt;&nbsp;...\n\n[[https://www.google.com/url?rct=j&sa=t&url=https://en.protothema.gr/2025/02/14/american-arrested-at-moscow-airport-for-drug-smuggling/&ct=ga&cd=CAIyHGE2ZTQxYmFmMjExOWYzMzM6Y29tOmVzOlVTOkw&usg=AOvVaw0_XIYtgiFoEsm_MT35g4-v|Ver la fuente]]",
        "published": "2025-02-14T16:35:29Z",
        "apa_citation": "American arrested at Moscow airport for <b>drug</b> smuggling - ProtoThema English. (2025-02-14T16:35:29Z). [Blog post]. Recuperado de https://www.google.com/url?rct=j&sa=t&url=https://en.protothema.gr/2025/02/14/american-arrested-at-moscow-airport-for-drug-smuggling/&ct=ga&cd=CAIyHGE2ZTQxYmFmMjExOWYzMzM6Y29tOmVzOlVTOkw&usg=AOvVaw0_XIYtgiFoEsm_MT35g4-v"
      },
      "geometry": {
        "type": "Point",
        "coordinates": [
          37.6063916,
          55.625578
        ]
      }
    },
    {
      "type": "Feature",
      "properties": {
        "title": "Beryl <b>Drugs</b> Standalone December 2024 Net Sales at Rs 5.31 crore, down 30.35% Y-o-Y",
        "description": "**Beryl <b>Drugs</b> Standalone December 2024 Net Sales at Rs 5.31 crore, down 30.35% Y-o-Y**\n\n<b>Cryptocurrency</b>; Forum; Notices; Videos; Glossary; All ... Beryl <b>Drugs</b> Standalone December 2024 Net Sales at Rs 5.31 crore, down 30.35% Y-o-Y.\n\n[[https://www.google.com/url?rct=j&sa=t&url=https://www.moneycontrol.com/news/business/earnings/beryl-drugs-standalone-december-2024-net-sales-at-rs-5-31-crore-down-30-35-y-o-y-12941141.html&ct=ga&cd=CAIyHGE2ZTQxYmFmMjExOWYzMzM6Y29tOmVzOlVTOkw&usg=AOvVaw1ec8MoB7s_JHlnvUyXTyFg|Ver la fuente]]",
        "published": "2025-02-14T14:54:15Z",
        "apa_citation": "Beryl <b>Drugs</b> Standalone December 2024 Net Sales at Rs 5.31 crore, down 30.35% Y-o-Y. (2025-02-14T14:54:15Z). [Blog post]. Recuperado de https://www.google.com/url?rct=j&sa=t&url=https://www.moneycontrol.com/news/business/earnings/beryl-drugs-standalone-december-2024-net-sales-at-rs-5-31-crore-down-30-35-y-o-y-12941141.html&ct=ga&cd=CAIyHGE2ZTQxYmFmMjExOWYzMzM6Y29tOmVzOlVTOkw&usg=AOvVaw1ec8MoB7s_JHlnvUyXTyFg"
      },
      "geometry": {
        "type": "Point",
        "coordinates": [
          20.55144,
          44.1534121
        ]
      }
    },
    {
      "type": "Feature",
      "properties": {
        "title": "BBC journalist Nick Robinson has X hacked to promote <b>cryptocurrency</b> - MSN",
        "description": "**BBC journalist Nick Robinson has X hacked to promote <b>cryptocurrency</b> - MSN**\n\n... narcotics raids, <b>drugs</b> worth RM3.1m. Malay Mail. Singaporean among three arrested in Johor anti-narcotics raids, <b>drugs</b> worth RM3.1m seized. 5. This&nbsp;...\n\n[[https://www.google.com/url?rct=j&sa=t&url=http://www.msn.com/en-my/news/other/bbc-journalist-nick-robinson-has-x-hacked-to-promote-cryptocurrency/ar-AA1yPaOK%3Fapiversion%3Dv2%26noservercache%3D1%26domshim%3D1%26renderwebcomponents%3D1%26wcseo%3D1%26batchservertelemetry%3D1%26noservertelemetry%3D1&ct=ga&cd=CAIyHGE2ZTQxYmFmMjExOWYzMzM6Y29tOmVzOlVTOkw&usg=AOvVaw2T849nLm4I0PeUFBfehx4E|Ver la fuente]]",
        "published": "2025-02-14T13:33:15Z",
        "apa_citation": "BBC journalist Nick Robinson has X hacked to promote <b>cryptocurrency</b> - MSN. (2025-02-14T13:33:15Z). [Blog post]. Recuperado de https://www.google.com/url?rct=j&sa=t&url=http://www.msn.com/en-my/news/other/bbc-journalist-nick-robinson-has-x-hacked-to-promote-cryptocurrency/ar-AA1yPaOK%3Fapiversion%3Dv2%26noservercache%3D1%26domshim%3D1%26renderwebcomponents%3D1%26wcseo%3D1%26batchservertelemetry%3D1%26noservertelemetry%3D1&ct=ga&cd=CAIyHGE2ZTQxYmFmMjExOWYzMzM6Y29tOmVzOlVTOkw&usg=AOvVaw2T849nLm4I0PeUFBfehx4E"
      },
      "geometry": {
        "type": "Point",
        "coordinates": [
          103.3114564,
          2.0228821
        ]
      }
    },
    {
      "type": "Feature",
      "properties": {
        "title": "State police help Willimantic <b>cryptocurrency</b> scam victim recover $180K - Yahoo",
        "description": "**State police help Willimantic <b>cryptocurrency</b> scam victim recover $180K - Yahoo**\n\nTwo Massachusetts men were arrested for trafficking fentanyl and cocaine during a traffic stop on Interstate 95 in New Hampshire, state police said.\n\n[[https://www.google.com/url?rct=j&sa=t&url=https://www.yahoo.com/news/state-police-help-willimantic-cryptocurrency-155222673.html&ct=ga&cd=CAIyHGE2ZTQxYmFmMjExOWYzMzM6Y29tOmVzOlVTOkw&usg=AOvVaw2WYSNCoT4gD-i0-s6wOi45|Ver la fuente]]",
        "published": "2025-02-14T11:45:14Z",
        "apa_citation": "State police help Willimantic <b>cryptocurrency</b> scam victim recover $180K - Yahoo. (2025-02-14T11:45:14Z). [Blog post]. Recuperado de https://www.google.com/url?rct=j&sa=t&url=https://www.yahoo.com/news/state-police-help-willimantic-cryptocurrency-155222673.html&ct=ga&cd=CAIyHGE2ZTQxYmFmMjExOWYzMzM6Y29tOmVzOlVTOkw&usg=AOvVaw2WYSNCoT4gD-i0-s6wOi45"
      },
      "geometry": {
        "type": "Point",
        "coordinates": [
          -71.6553992,
          43.4849133
        ]
      }
    },
    {
      "type": "Feature",
      "properties": {
        "title": "DOJ extension request in Louisville police consent decree - The Courier-Journal",
        "description": "**DOJ extension request in Louisville police consent decree - The Courier-Journal**\n\nAdditional information about the implementation of 911 <b>deflection programs</b> for behavioral health calls. Why the DOJ has not shared its assessment&nbsp;...\n\n[[https://www.google.com/url?rct=j&sa=t&url=https://www.courier-journal.com/story/news/local/2025/02/14/doj-extension-request-in-louisville-police-consent-decree/78411322007/&ct=ga&cd=CAIyHDhkZDQ5YzM0YzZhODhjYzM6Y29tOmVzOlVTOkw&usg=AOvVaw0wZRnR7u4g6v4R9t_eOsBh|Ver la fuente]]",
        "published": "2025-02-14T17:27:38Z",
        "apa_citation": "DOJ extension request in Louisville police consent decree - The Courier-Journal. (2025-02-14T17:27:38Z). [Blog post]. Recuperado de https://www.google.com/url?rct=j&sa=t&url=https://www.courier-journal.com/story/news/local/2025/02/14/doj-extension-request-in-louisville-police-consent-decree/78411322007/&ct=ga&cd=CAIyHDhkZDQ5YzM0YzZhODhjYzM6Y29tOmVzOlVTOkw&usg=AOvVaw0wZRnR7u4g6v4R9t_eOsBh"
      },
      "geometry": {
        "type": "Point",
        "coordinates": [
          -85.759407,
          38.2542376
        ]
      }
    },
    {
      "type": "Feature",
      "properties": {
        "title": "Computer-aided <b>Design</b> for Peptide in Cancer Therapeutics: A Bibliometr | DDDT",
        "description": "**Computer-aided <b>Design</b> for Peptide in Cancer Therapeutics: A Bibliometr | DDDT**\n\nThe term “peptide <b>drugs</b>” refers to <b>medications</b> designed and synthesized based on peptides, and ACPs specifically refer to peptides with anticancer&nbsp;...\n\n[[https://www.google.com/url?rct=j&sa=t&url=https://www.dovepress.com/dynamic-visualization-of-computer-aided-peptide-design-for-cancer-ther-peer-reviewed-fulltext-article-DDDT&ct=ga&cd=CAIyHDZlN2EzNTIyNzRjZWMzYjA6Y29tOmVzOlVTOkw&usg=AOvVaw1dOrHYIytFXloM1xEm0gPX|Ver la fuente]]",
        "published": "2025-02-14T15:07:08Z",
        "apa_citation": "Computer-aided <b>Design</b> for Peptide in Cancer Therapeutics: A Bibliometr | DDDT. (2025-02-14T15:07:08Z). [Blog post]. Recuperado de https://www.google.com/url?rct=j&sa=t&url=https://www.dovepress.com/dynamic-visualization-of-computer-aided-peptide-design-for-cancer-ther-peer-reviewed-fulltext-article-DDDT&ct=ga&cd=CAIyHDZlN2EzNTIyNzRjZWMzYjA6Y29tOmVzOlVTOkw&usg=AOvVaw1dOrHYIytFXloM1xEm0gPX"
      },
      "geometry": {
        "type": "Point",
        "coordinates": [
          -1.7642139742934875,
          53.79267635
        ]
      }
    },
    {
      "type": "Feature",
      "properties": {
        "title": "<b>Drugs</b>, weapons in Syria borderland where Hezbollah held sway - France 24",
        "description": "**<b>Drugs</b>, weapons in Syria borderland where Hezbollah held sway - France 24**\n\n<b>Drugs</b>, weapons in Syria borderland where Hezbollah held sway &middot; <b>Drug</b> traffickers &middot; 'Banned from returning' &middot; Live: Zelensky, Vance to meet at Munich&nbsp;...\n\n[[https://www.google.com/url?rct=j&sa=t&url=https://www.france24.com/en/live-news/20250214-drugs-weapons-in-syria-borderland-where-hezbollah-held-sway&ct=ga&cd=CAIyHDZlN2EzNTIyNzRjZWMzYjA6Y29tOmVzOlVTOkw&usg=AOvVaw0KloHh_h8aPamAjAnRpTT0|Ver la fuente]]",
        "published": "2025-02-14T11:13:38Z",
        "apa_citation": "<b>Drugs</b>, weapons in Syria borderland where Hezbollah held sway - France 24. (2025-02-14T11:13:38Z). [Blog post]. Recuperado de https://www.google.com/url?rct=j&sa=t&url=https://www.france24.com/en/live-news/20250214-drugs-weapons-in-syria-borderland-where-hezbollah-held-sway&ct=ga&cd=CAIyHDZlN2EzNTIyNzRjZWMzYjA6Y29tOmVzOlVTOkw&usg=AOvVaw0KloHh_h8aPamAjAnRpTT0"
      },
      "geometry": {
        "type": "Point",
        "coordinates": [
          38.42317811509885,
          34.8147886
        ]
      }
    },
    {
      "type": "Feature",
      "properties": {
        "title": "Father, daughter accused of <b>trafficking drugs</b> in Baton Rouge area - WAFB",
        "description": "**Father, daughter accused of <b>trafficking drugs</b> in Baton Rouge area - WAFB**\n\nFather, daughter&nbsp;...\n\n[[https://www.google.com/url?rct=j&sa=t&url=https://www.wafb.com/2025/02/14/father-daughter-accused-trafficking-drugs-baton-rouge-area/&ct=ga&cd=CAIyHDU1NmUwMTFhZDI1MDc3Y2E6Y29tOmVzOlVTOkw&usg=AOvVaw3zL5i1EK1JQ_f1y_nIaedQ|Ver la fuente]]",
        "published": "2025-02-14T20:15:00Z",
        "apa_citation": "Father, daughter accused of <b>trafficking drugs</b> in Baton Rouge area - WAFB. (2025-02-14T20:15:00Z). [Blog post]. Recuperado de https://www.google.com/url?rct=j&sa=t&url=https://www.wafb.com/2025/02/14/father-daughter-accused-trafficking-drugs-baton-rouge-area/&ct=ga&cd=CAIyHDU1NmUwMTFhZDI1MDc3Y2E6Y29tOmVzOlVTOkw&usg=AOvVaw3zL5i1EK1JQ_f1y_nIaedQ"
      },
      "geometry": {
        "type": "Point",
        "coordinates": [
          -91.1869659,
          30.4494155
        ]
      }
    },
    {
      "type": "Feature",
      "properties": {
        "title": "<b>Drug</b> cartel leader sentenced to life in Midland for <b>trafficking</b>, attempted murder",
        "description": "**<b>Drug</b> cartel leader sentenced to life in Midland for <b>trafficking</b>, attempted murder**\n\nJose Ramon Castillo-Lopez, leader of a <b>drug trafficking</b> organization with cartel ties, was sentenced to a life sentence in Midland for drug&nbsp;...\n\n[[https://www.google.com/url?rct=j&sa=t&url=https://www.mrt.com/news/crime/article/drug-cartel-leader-life-sentence-midland-20167979.php&ct=ga&cd=CAIyHDU1NmUwMTFhZDI1MDc3Y2E6Y29tOmVzOlVTOkw&usg=AOvVaw3hg8kMy1bI-gn3ewtJiNus|Ver la fuente]]",
        "published": "2025-02-14T19:27:47Z",
        "apa_citation": "<b>Drug</b> cartel leader sentenced to life in Midland for <b>trafficking</b>, attempted murder. (2025-02-14T19:27:47Z). [Blog post]. Recuperado de https://www.google.com/url?rct=j&sa=t&url=https://www.mrt.com/news/crime/article/drug-cartel-leader-life-sentence-midland-20167979.php&ct=ga&cd=CAIyHDU1NmUwMTFhZDI1MDc3Y2E6Y29tOmVzOlVTOkw&usg=AOvVaw3hg8kMy1bI-gn3ewtJiNus"
      },
      "geometry": {
        "type": "Point",
        "coordinates": [
          -102.0103767,
          31.83688
        ]
      }
    },
    {
      "type": "Feature",
      "properties": {
        "title": "Meigs County <b>drug trafficking</b> investigation nets two arrests - WCHS",
        "description": "**Meigs County <b>drug trafficking</b> investigation nets two arrests - WCHS**\n\nDeputies investigating “high levels of <b>drug trafficking</b>” in Meigs County reported making two arrests Thursday.Charles Sullivan, of Letart,&nbsp;...\n\n[[https://www.google.com/url?rct=j&sa=t&url=https://wchstv.com/news/local/meigs-county-drug-trafficking-investigation-nets-two-arrests&ct=ga&cd=CAIyHDU1NmUwMTFhZDI1MDc3Y2E6Y29tOmVzOlVTOkw&usg=AOvVaw1hkN02_t37KQBk9-46Zim7|Ver la fuente]]",
        "published": "2025-02-14T18:44:52Z",
        "apa_citation": "Meigs County <b>drug trafficking</b> investigation nets two arrests - WCHS. (2025-02-14T18:44:52Z). [Blog post]. Recuperado de https://www.google.com/url?rct=j&sa=t&url=https://wchstv.com/news/local/meigs-county-drug-trafficking-investigation-nets-two-arrests&ct=ga&cd=CAIyHDU1NmUwMTFhZDI1MDc3Y2E6Y29tOmVzOlVTOkw&usg=AOvVaw1hkN02_t37KQBk9-46Zim7"
      },
      "geometry": {
        "type": "Point",
        "coordinates": [
          -82.0420769,
          39.1099292
        ]
      }
    },
    {
      "type": "Feature",
      "properties": {
        "title": "Two men arrested on <b>drug</b> charges in Meigs County - WTAP",
        "description": "**Two men arrested on <b>drug</b> charges in Meigs County - WTAP**\n\n<b>Trafficking</b> in <b>Drugs</b>,&nbsp;...\n\n[[https://www.google.com/url?rct=j&sa=t&url=https://www.wtap.com/2025/02/14/two-men-arrested-drug-charges-meigs-county/&ct=ga&cd=CAIyHDU1NmUwMTFhZDI1MDc3Y2E6Y29tOmVzOlVTOkw&usg=AOvVaw1AhtPugeGQMF2icoud08Wa|Ver la fuente]]",
        "published": "2025-02-14T18:32:07Z",
        "apa_citation": "Two men arrested on <b>drug</b> charges in Meigs County - WTAP. (2025-02-14T18:32:07Z). [Blog post]. Recuperado de https://www.google.com/url?rct=j&sa=t&url=https://www.wtap.com/2025/02/14/two-men-arrested-drug-charges-meigs-county/&ct=ga&cd=CAIyHDU1NmUwMTFhZDI1MDc3Y2E6Y29tOmVzOlVTOkw&usg=AOvVaw1AhtPugeGQMF2icoud08Wa"
      },
      "geometry": {
        "type": "Point",
        "coordinates": [
          -82.0420769,
          39.1099292
        ]
      }
    },
    {
      "type": "Feature",
      "properties": {
        "title": "Five suspects in court in Morocco's 'Escobar of the Sahara' <b>drug</b> trial - Hindustan Times",
        "description": "**Five suspects in court in Morocco's 'Escobar of the Sahara' <b>drug</b> trial - Hindustan Times**\n\nFive defendants were heard by a Casablanca Criminal Court judge on <b>drug trafficking</b> ... Copyright © 2025 HT <b>Digital</b> Streams Limited. All Rights&nbsp;...\n\n[[https://www.google.com/url?rct=j&sa=t&url=https://www.hindustantimes.com/world-news/five-suspects-in-court-in-morocco-s-escobar-of-the-sahara-drug-trial-101739551696794.html&ct=ga&cd=CAIyHDU1NmUwMTFhZDI1MDc3Y2E6Y29tOmVzOlVTOkw&usg=AOvVaw15OgOSvSkK8g4ZZ9Dhxeja|Ver la fuente]]",
        "published": "2025-02-14T18:18:57Z",
        "apa_citation": "Five suspects in court in Morocco's 'Escobar of the Sahara' <b>drug</b> trial - Hindustan Times. (2025-02-14T18:18:57Z). [Blog post]. Recuperado de https://www.google.com/url?rct=j&sa=t&url=https://www.hindustantimes.com/world-news/five-suspects-in-court-in-morocco-s-escobar-of-the-sahara-drug-trial-101739551696794.html&ct=ga&cd=CAIyHDU1NmUwMTFhZDI1MDc3Y2E6Y29tOmVzOlVTOkw&usg=AOvVaw15OgOSvSkK8g4ZZ9Dhxeja"
      },
      "geometry": {
        "type": "Point",
        "coordinates": [
          -10.371337908392647,
          28.3347722
        ]
      }
    },
    {
      "type": "Feature",
      "properties": {
        "title": "RCMP in Eskasoni, N.S., charge man with <b>drug trafficking</b>",
        "description": "**RCMP in Eskasoni, N.S., charge man with <b>drug trafficking</b>**\n\nRCMP in Nova Scotia has charged a man with <b>drug trafficking</b> after executing a search warrant at a home in Eskasoni on Wednesday ... web tip at&nbsp;...\n\n[[https://www.google.com/url?rct=j&sa=t&url=https://www.ctvnews.ca/atlantic/nova-scotia/article/rcmp-in-eskasoni-ns-charge-man-with-drug-trafficking/&ct=ga&cd=CAIyHDU1NmUwMTFhZDI1MDc3Y2E6Y29tOmVzOlVTOkw&usg=AOvVaw0CYx55IJP41NuQqAghHW25|Ver la fuente]]",
        "published": "2025-02-14T17:50:38Z",
        "apa_citation": "RCMP in Eskasoni, N.S., charge man with <b>drug trafficking</b>. (2025-02-14T17:50:38Z). [Blog post]. Recuperado de https://www.google.com/url?rct=j&sa=t&url=https://www.ctvnews.ca/atlantic/nova-scotia/article/rcmp-in-eskasoni-ns-charge-man-with-drug-trafficking/&ct=ga&cd=CAIyHDU1NmUwMTFhZDI1MDc3Y2E6Y29tOmVzOlVTOkw&usg=AOvVaw0CYx55IJP41NuQqAghHW25"
      },
      "geometry": {
        "type": "Point",
        "coordinates": [
          -60.600953,
          45.9460215
        ]
      }
    },
    {
      "type": "Feature",
      "properties": {
        "title": "Raleigh Man Sentenced to Over 10 years in Prison for <b>Drugs</b> and Guns",
        "description": "**Raleigh Man Sentenced to Over 10 years in Prison for <b>Drugs</b> and Guns**\n\n... heroin, and possession of a firearm in furtherance of <b>drug trafficking</b>. ... heroin, and a <b>digital</b> scale. Further investigation by the Federal&nbsp;...\n\n[[https://www.google.com/url?rct=j&sa=t&url=https://www.justice.gov/usao-ednc/pr/raleigh-man-sentenced-over-10-years-prison-drugs-and-guns&ct=ga&cd=CAIyHDU1NmUwMTFhZDI1MDc3Y2E6Y29tOmVzOlVTOkw&usg=AOvVaw3OoI-MYDOaA4pCQaTC732E|Ver la fuente]]",
        "published": "2025-02-14T17:29:44Z",
        "apa_citation": "Raleigh Man Sentenced to Over 10 years in Prison for <b>Drugs</b> and Guns. (2025-02-14T17:29:44Z). [Blog post]. Recuperado de https://www.google.com/url?rct=j&sa=t&url=https://www.justice.gov/usao-ednc/pr/raleigh-man-sentenced-over-10-years-prison-drugs-and-guns&ct=ga&cd=CAIyHDU1NmUwMTFhZDI1MDc3Y2E6Y29tOmVzOlVTOkw&usg=AOvVaw3OoI-MYDOaA4pCQaTC732E"
      },
      "geometry": {
        "type": "Point",
        "coordinates": [
          32.6276834,
          0.3181823
        ]
      }
    },
    {
      "type": "Feature",
      "properties": {
        "title": "Eskasoni RCMP Detachment charge man for <b>drug trafficking</b>",
        "description": "**Eskasoni RCMP Detachment charge man for <b>drug trafficking</b>**\n\nThe Eskasoni RCMP Detachment has charged a man with <b>drug trafficking</b> after executing a search warrant in Eskasoni. ... web tip at www&nbsp;...\n\n[[https://www.google.com/url?rct=j&sa=t&url=https://www.rcmp-grc.gc.ca/en/news/2025/eskasoni-rcmp-detachment-charge-man-drug-trafficking&ct=ga&cd=CAIyHDU1NmUwMTFhZDI1MDc3Y2E6Y29tOmVzOlVTOkw&usg=AOvVaw3raHOAsaE5ToF66xGMqlg0|Ver la fuente]]",
        "published": "2025-02-14T17:15:30Z",
        "apa_citation": "Eskasoni RCMP Detachment charge man for <b>drug trafficking</b>. (2025-02-14T17:15:30Z). [Blog post]. Recuperado de https://www.google.com/url?rct=j&sa=t&url=https://www.rcmp-grc.gc.ca/en/news/2025/eskasoni-rcmp-detachment-charge-man-drug-trafficking&ct=ga&cd=CAIyHDU1NmUwMTFhZDI1MDc3Y2E6Y29tOmVzOlVTOkw&usg=AOvVaw3raHOAsaE5ToF66xGMqlg0"
      },
      "geometry": {
        "type": "Point",
        "coordinates": [
          -60.600953,
          45.9460215
        ]
      }
    },
    {
      "type": "Feature",
      "properties": {
        "title": "Leader of <b>drug trafficking</b> organization that distributed in Amarillo sentenced to life - KFDA",
        "description": "**Leader of <b>drug trafficking</b> organization that distributed in Amarillo sentenced to life - KFDA**\n\nThe leader of a <b>drug</b>&nbsp;...\n\n[[https://www.google.com/url?rct=j&sa=t&url=https://www.newschannel10.com/2025/02/14/leader-drug-trafficking-organization-that-distributed-amarillo-sentenced-life/&ct=ga&cd=CAIyHDU1NmUwMTFhZDI1MDc3Y2E6Y29tOmVzOlVTOkw&usg=AOvVaw3L-LKp8KiXTuyS0a5TJIN7|Ver la fuente]]",
        "published": "2025-02-14T16:59:42Z",
        "apa_citation": "Leader of <b>drug trafficking</b> organization that distributed in Amarillo sentenced to life - KFDA. (2025-02-14T16:59:42Z). [Blog post]. Recuperado de https://www.google.com/url?rct=j&sa=t&url=https://www.newschannel10.com/2025/02/14/leader-drug-trafficking-organization-that-distributed-amarillo-sentenced-life/&ct=ga&cd=CAIyHDU1NmUwMTFhZDI1MDc3Y2E6Y29tOmVzOlVTOkw&usg=AOvVaw3L-LKp8KiXTuyS0a5TJIN7"
      },
      "geometry": {
        "type": "Point",
        "coordinates": [
          -101.8371192,
          35.20729
        ]
      }
    },
    {
      "type": "Feature",
      "properties": {
        "title": "Canadian truck driver caught with 240 pounds of cocaine at Ambassador Bridge",
        "description": "**Canadian truck driver caught with 240 pounds of cocaine at Ambassador Bridge**\n\n... <b>drug trafficking</b> effort,&quot; an affidavit from one of the investigating officers said. ... She previously held <b>digital</b> content roles at NEWSnet&nbsp;...\n\n[[https://www.google.com/url?rct=j&sa=t&url=https://www.cbsnews.com/detroit/news/canadian-truck-driver-240-pounds-cocaine-ambassador-bridge/&ct=ga&cd=CAIyHDU1NmUwMTFhZDI1MDc3Y2E6Y29tOmVzOlVTOkw&usg=AOvVaw1Toy9UodXPMORgj0caMFRb|Ver la fuente]]",
        "published": "2025-02-14T16:30:30Z",
        "apa_citation": "Canadian truck driver caught with 240 pounds of cocaine at Ambassador Bridge. (2025-02-14T16:30:30Z). [Blog post]. Recuperado de https://www.google.com/url?rct=j&sa=t&url=https://www.cbsnews.com/detroit/news/canadian-truck-driver-240-pounds-cocaine-ambassador-bridge/&ct=ga&cd=CAIyHDU1NmUwMTFhZDI1MDc3Y2E6Y29tOmVzOlVTOkw&usg=AOvVaw1Toy9UodXPMORgj0caMFRb"
      },
      "geometry": {
        "type": "Point",
        "coordinates": [
          -83.0708195370076,
          42.3069614104206
        ]
      }
    },
    {
      "type": "Feature",
      "properties": {
        "title": "LV woman sentenced to four years in prison for <b>drug trafficking</b> - Las Vegas Optic",
        "description": "**LV woman sentenced to four years in prison for <b>drug trafficking</b> - Las Vegas Optic**\n\nAccording to court documents, officers arrested Barela in her Las Vegas home in April 2024 as part of an ongoing <b>drug trafficking</b> investigation.\n\n[[https://www.google.com/url?rct=j&sa=t&url=https://www.lasvegasoptic.com/news/lv-woman-sentenced-to-four-years-in-prison-for-drug-trafficking/article_df77c412-e9b5-11ef-b515-ab66219a33d7.html&ct=ga&cd=CAIyHDU1NmUwMTFhZDI1MDc3Y2E6Y29tOmVzOlVTOkw&usg=AOvVaw2Fihf_2ZvqQ3q85ADHN_yp|Ver la fuente]]",
        "published": "2025-02-14T16:06:20Z",
        "apa_citation": "LV woman sentenced to four years in prison for <b>drug trafficking</b> - Las Vegas Optic. (2025-02-14T16:06:20Z). [Blog post]. Recuperado de https://www.google.com/url?rct=j&sa=t&url=https://www.lasvegasoptic.com/news/lv-woman-sentenced-to-four-years-in-prison-for-drug-trafficking/article_df77c412-e9b5-11ef-b515-ab66219a33d7.html&ct=ga&cd=CAIyHDU1NmUwMTFhZDI1MDc3Y2E6Y29tOmVzOlVTOkw&usg=AOvVaw2Fihf_2ZvqQ3q85ADHN_yp"
      },
      "geometry": {
        "type": "Point",
        "coordinates": [
          -80.2906040169782,
          35.822974925319976
        ]
      }
    },
    {
      "type": "Feature",
      "properties": {
        "title": "Police say Latrobe man provided fatal <b>drug</b> dose - TribLIVE.com",
        "description": "**Police say Latrobe man provided fatal <b>drug</b> dose - TribLIVE.com**\n\n... <b>drugs</b>. Bowser turned himself in Friday and is prepared to defend ... He posted $30,000 bail and is on home <b>electronic monitoring</b>. Campbell&nbsp;...\n\n[[https://www.google.com/url?rct=j&sa=t&url=https://triblive.com/local/westmoreland/police-say-latrobe-man-provided-fatal-drug-dose/&ct=ga&cd=CAIyHGNjN2EwMmMzYWI1NTEyZTM6Y29tOmVzOlVTOkw&usg=AOvVaw1izkV2AVZ2t7qIajXDrcHc|Ver la fuente]]",
        "published": "2025-02-14T19:37:14Z",
        "apa_citation": "Police say Latrobe man provided fatal <b>drug</b> dose - TribLIVE.com. (2025-02-14T19:37:14Z). [Blog post]. Recuperado de https://www.google.com/url?rct=j&sa=t&url=https://triblive.com/local/westmoreland/police-say-latrobe-man-provided-fatal-drug-dose/&ct=ga&cd=CAIyHGNjN2EwMmMzYWI1NTEyZTM6Y29tOmVzOlVTOkw&usg=AOvVaw1izkV2AVZ2t7qIajXDrcHc"
      },
      "geometry": {
        "type": "Point",
        "coordinates": [
          5.6396995,
          4.9755666
        ]
      }
    },
    {
      "type": "Feature",
      "properties": {
        "title": "New <b>addiction</b> recovery <b>center</b> set to open in Harrison County - WDTV",
        "description": "**New <b>addiction</b> recovery <b>center</b> set to open in Harrison County - WDTV**\n\nIn the <b>detox center</b>,&nbsp;...\n\n[[https://www.google.com/url?rct=j&sa=t&url=https://www.wdtv.com/2025/02/14/new-addiction-recovery-center-set-open-harrison-county/&ct=ga&cd=CAIyHDlkZGJmYjQ2NzQ1YTFkNTE6Y29tOmVzOlVTOkw&usg=AOvVaw11LDROLoHgsH3ZVAmlLHw3|Ver la fuente]]",
        "published": "2025-02-14T18:41:02Z",
        "apa_citation": "New <b>addiction</b> recovery <b>center</b> set to open in Harrison County - WDTV. (2025-02-14T18:41:02Z). [Blog post]. Recuperado de https://www.google.com/url?rct=j&sa=t&url=https://www.wdtv.com/2025/02/14/new-addiction-recovery-center-set-open-harrison-county/&ct=ga&cd=CAIyHDlkZGJmYjQ2NzQ1YTFkNTE6Y29tOmVzOlVTOkw&usg=AOvVaw11LDROLoHgsH3ZVAmlLHw3"
      },
      "geometry": {
        "type": "Point",
        "coordinates": [
          -94.3982158,
          32.5233959
        ]
      }
    },
    {
      "type": "Feature",
      "properties": {
        "title": "DEFT requesting proposals for opioid <b>treatment</b>, recovery <b>programs</b> in Richmond County",
        "description": "**DEFT requesting proposals for opioid <b>treatment</b>, recovery <b>programs</b> in Richmond County**\n\nDr. Tommy Jarrell addresses the opioid settlement with the Richmond County Board <b>of</b> Commissioners during a special meeting Feb.\n\n[[https://www.google.com/url?rct=j&sa=t&url=https://www.richmondobserver.com/stories/deft-offering-150k-from-richmond-county-opioid-settlement-for-treatment-recovery-programs,30692&ct=ga&cd=CAIyHDlkZGJmYjQ2NzQ1YTFkNTE6Y29tOmVzOlVTOkw&usg=AOvVaw1_gOgkFakGi1VCQRUoe7Hh|Ver la fuente]]",
        "published": "2025-02-14T18:14:23Z",
        "apa_citation": "DEFT requesting proposals for opioid <b>treatment</b>, recovery <b>programs</b> in Richmond County. (2025-02-14T18:14:23Z). [Blog post]. Recuperado de https://www.google.com/url?rct=j&sa=t&url=https://www.richmondobserver.com/stories/deft-offering-150k-from-richmond-county-opioid-settlement-for-treatment-recovery-programs,30692&ct=ga&cd=CAIyHDlkZGJmYjQ2NzQ1YTFkNTE6Y29tOmVzOlVTOkw&usg=AOvVaw1_gOgkFakGi1VCQRUoe7Hh"
      },
      "geometry": {
        "type": "Point",
        "coordinates": [
          -81.064715417005,
          31.97895470220013
        ]
      }
    },
    {
      "type": "Feature",
      "properties": {
        "title": "Better Days Treatment Center Extends Personalized Addiction Treatment for <b>Drug Rehab</b> in ...",
        "description": "**Better Days Treatment Center Extends Personalized Addiction Treatment for <b>Drug Rehab</b> in ...**\n\nAnaheim, California – Better Days <b>Treatment Center</b>, one <b>of</b> the most renowned <b>rehab</b> and <b>detox facilities</b> in Anaheim, is excited to announce that it&nbsp;...\n\n[[https://www.google.com/url?rct=j&sa=t&url=https://www.einnews.com/pr_news/786099046/better-days-treatment-center-extends-personalized-addiction-treatment-for-drug-rehab-in-california&ct=ga&cd=CAIyHDlkZGJmYjQ2NzQ1YTFkNTE6Y29tOmVzOlVTOkw&usg=AOvVaw2ZW9iITJYEUHC8-23qK7HW|Ver la fuente]]",
        "published": "2025-02-14T17:02:48Z",
        "apa_citation": "Better Days Treatment Center Extends Personalized Addiction Treatment for <b>Drug Rehab</b> in .... (2025-02-14T17:02:48Z). [Blog post]. Recuperado de https://www.google.com/url?rct=j&sa=t&url=https://www.einnews.com/pr_news/786099046/better-days-treatment-center-extends-personalized-addiction-treatment-for-drug-rehab-in-california&ct=ga&cd=CAIyHDlkZGJmYjQ2NzQ1YTFkNTE6Y29tOmVzOlVTOkw&usg=AOvVaw2ZW9iITJYEUHC8-23qK7HW"
      },
      "geometry": {
        "type": "Point",
        "coordinates": [
          -117.911732,
          33.8347516
        ]
      }
    },
    {
      "type": "Feature",
      "properties": {
        "title": "Recent Guest at WhiteSands Treatment's <b>Addiction Treatment</b> Facility Gives a Perfect Review",
        "description": "**Recent Guest at WhiteSands Treatment's <b>Addiction Treatment</b> Facility Gives a Perfect Review**\n\nTherapy Methods <b>of Substance Abuse</b> and <b>Addiction</b> &middot; Cognitive Behavioral Therapy (CBT): This therapy addresses thought patterns and how they influence&nbsp;...\n\n[[https://www.google.com/url?rct=j&sa=t&url=https://whitesandstreatment.com/2025/02/14/patient-gives-rave-review-of-addiction-treatment-facility-in-plant-city/&ct=ga&cd=CAIyHDlkZGJmYjQ2NzQ1YTFkNTE6Y29tOmVzOlVTOkw&usg=AOvVaw0gvivpDpc0zfB9xxUIL-kT|Ver la fuente]]",
        "published": "2025-02-14T15:59:48Z",
        "apa_citation": "Recent Guest at WhiteSands Treatment's <b>Addiction Treatment</b> Facility Gives a Perfect Review. (2025-02-14T15:59:48Z). [Blog post]. Recuperado de https://www.google.com/url?rct=j&sa=t&url=https://whitesandstreatment.com/2025/02/14/patient-gives-rave-review-of-addiction-treatment-facility-in-plant-city/&ct=ga&cd=CAIyHDlkZGJmYjQ2NzQ1YTFkNTE6Y29tOmVzOlVTOkw&usg=AOvVaw0gvivpDpc0zfB9xxUIL-kT"
      },
      "geometry": {
        "type": "Point",
        "coordinates": [
          -82.5049183,
          27.386945
        ]
      }
    },
    {
      "type": "Feature",
      "properties": {
        "title": "Yes, GLP-1 Medications Really Do Reduce Alcohol Cravings, Per A New Study",
        "description": "**Yes, GLP-1 Medications Really Do Reduce Alcohol Cravings, Per A New Study**\n\n... <b>of</b> Houston College <b>of</b> Pharmacy; Mohammad Sarhan, MD, is an addiction <b>medicine</b> physician at Caron <b>Drug</b> and Alcohol <b>Addiction Treatment Centers</b>.\n\n[[https://www.google.com/url?rct=j&sa=t&url=https://www.womenshealthmag.com/health/a63788221/glp1-alcohol-use-disorder-clinical-trial-results/&ct=ga&cd=CAIyHDlkZGJmYjQ2NzQ1YTFkNTE6Y29tOmVzOlVTOkw&usg=AOvVaw3swEE2RtMG1Hfs0TksVMhG|Ver la fuente]]",
        "published": "2025-02-14T15:14:44Z",
        "apa_citation": "Yes, GLP-1 Medications Really Do Reduce Alcohol Cravings, Per A New Study. (2025-02-14T15:14:44Z). [Blog post]. Recuperado de https://www.google.com/url?rct=j&sa=t&url=https://www.womenshealthmag.com/health/a63788221/glp1-alcohol-use-disorder-clinical-trial-results/&ct=ga&cd=CAIyHDlkZGJmYjQ2NzQ1YTFkNTE6Y29tOmVzOlVTOkw&usg=AOvVaw3swEE2RtMG1Hfs0TksVMhG"
      },
      "geometry": {
        "type": "Point",
        "coordinates": [
          116.3161108,
          -29.5779161
        ]
      }
    },
    {
      "type": "Feature",
      "properties": {
        "title": "'Path to recovery': $3M women's <b>treatment center</b> opens in Tiyan | News | guampdn.com",
        "description": "**'Path to recovery': $3M women's <b>treatment center</b> opens in Tiyan | News | guampdn.com**\n\nWomen fighting <b>addiction</b> to alcohol and <b>drugs</b> now have a dedicated facility to help them, with the opening <b>of</b> the $3 million Guma' Famalåo'an&nbsp;...\n\n[[https://www.google.com/url?rct=j&sa=t&url=https://www.guampdn.com/news/path-to-recovery-3m-womens-treatment-center-opens-in-tiyan/article_801cea5a-ea9c-11ef-a55e-5bb58af8d8aa.html&ct=ga&cd=CAIyHDlkZGJmYjQ2NzQ1YTFkNTE6Y29tOmVzOlVTOkw&usg=AOvVaw0Ptt-PIJov0PXsZvqIYPtE|Ver la fuente]]",
        "published": "2025-02-14T15:02:46Z",
        "apa_citation": "'Path to recovery': $3M women's <b>treatment center</b> opens in Tiyan | News | guampdn.com. (2025-02-14T15:02:46Z). [Blog post]. Recuperado de https://www.google.com/url?rct=j&sa=t&url=https://www.guampdn.com/news/path-to-recovery-3m-womens-treatment-center-opens-in-tiyan/article_801cea5a-ea9c-11ef-a55e-5bb58af8d8aa.html&ct=ga&cd=CAIyHDlkZGJmYjQ2NzQ1YTFkNTE6Y29tOmVzOlVTOkw&usg=AOvVaw0Ptt-PIJov0PXsZvqIYPtE"
      },
      "geometry": {
        "type": "Point",
        "coordinates": [
          78.1304835,
          30.746338
        ]
      }
    },
    {
      "type": "Feature",
      "properties": {
        "title": "Hundreds Of Mexicans Who Fled To Guatemala Return Home - Barron's",
        "description": "**Hundreds Of Mexicans Who Fled To Guatemala Return Home - Barron's**\n\nLast June, a clash between <b>drug cartels</b> in Chiapas left 19 people dead, including several Guatemalans. ... The Barron's news department was not involved&nbsp;...\n\n[[https://www.google.com/url?rct=j&sa=t&url=https://www.barrons.com/articles/hundreds-of-mexicans-who-fled-to-guatemala-return-home-eb65027d&ct=ga&cd=CAIyHDI2MzcyZTM2ZGRiYWI1Yjg6Y29tOmVzOlVTOkw&usg=AOvVaw2wVszqf748ysj1AOOM-Dv1|Ver la fuente]]",
        "published": "2025-02-14T21:06:48Z",
        "apa_citation": "Hundreds Of Mexicans Who Fled To Guatemala Return Home - Barron's. (2025-02-14T21:06:48Z). [Blog post]. Recuperado de https://www.google.com/url?rct=j&sa=t&url=https://www.barrons.com/articles/hundreds-of-mexicans-who-fled-to-guatemala-return-home-eb65027d&ct=ga&cd=CAIyHDI2MzcyZTM2ZGRiYWI1Yjg6Y29tOmVzOlVTOkw&usg=AOvVaw2wVszqf748ysj1AOOM-Dv1"
      },
      "geometry": {
        "type": "Point",
        "coordinates": [
          -92.5000001,
          16.5000001
        ]
      }
    },
    {
      "type": "Feature",
      "properties": {
        "title": "When you care about Ukraine's borders more than your own, things tend to fall apart.",
        "description": "**When you care about Ukraine's borders more than your own, things tend to fall apart.**\n\nA lot of the men purchased by the <b>drug cartels</b> you see in Mexico pitch battles, military engagements between <b>the cartels</b> and the Mexican military.\n\n[[https://www.google.com/url?rct=j&sa=t&url=https://www.instagram.com/tuckercarlsonnetwork/reel/DGEQWsrp-XC/&ct=ga&cd=CAIyHDI2MzcyZTM2ZGRiYWI1Yjg6Y29tOmVzOlVTOkw&usg=AOvVaw2LZpH7oAtQMUpaWE-xCjQK|Ver la fuente]]",
        "published": "2025-02-14T20:55:30Z",
        "apa_citation": "When you care about Ukraine's borders more than your own, things tend to fall apart.. (2025-02-14T20:55:30Z). [Blog post]. Recuperado de https://www.google.com/url?rct=j&sa=t&url=https://www.instagram.com/tuckercarlsonnetwork/reel/DGEQWsrp-XC/&ct=ga&cd=CAIyHDI2MzcyZTM2ZGRiYWI1Yjg6Y29tOmVzOlVTOkw&usg=AOvVaw2LZpH7oAtQMUpaWE-xCjQK"
      },
      "geometry": {
        "type": "Point",
        "coordinates": [
          -99.1331785,
          19.4326296
        ]
      }
    },
    {
      "type": "Feature",
      "properties": {
        "title": "Air force colonel shot dead by hitmen while driving to military ceremony in Ecuador",
        "description": "**Air force colonel shot dead by hitmen while driving to military ceremony in Ecuador**\n\nBoth cities have been caught up in fighting between rival <b>drug gangs</b> which has seen homicide rates in Ecuador soar. The van ended up stalled in the&nbsp;...\n\n[[https://www.google.com/url?rct=j&sa=t&url=https://www.cbsnews.com/news/air-force-colonel-porfirio-cedeno-killed-hitmen-ecuador/&ct=ga&cd=CAIyHDI2MzcyZTM2ZGRiYWI1Yjg6Y29tOmVzOlVTOkw&usg=AOvVaw2pmRSc5hpbtc6PUQOo3VPt|Ver la fuente]]",
        "published": "2025-02-14T20:53:14Z",
        "apa_citation": "Air force colonel shot dead by hitmen while driving to military ceremony in Ecuador. (2025-02-14T20:53:14Z). [Blog post]. Recuperado de https://www.google.com/url?rct=j&sa=t&url=https://www.cbsnews.com/news/air-force-colonel-porfirio-cedeno-killed-hitmen-ecuador/&ct=ga&cd=CAIyHDI2MzcyZTM2ZGRiYWI1Yjg6Y29tOmVzOlVTOkw&usg=AOvVaw2pmRSc5hpbtc6PUQOo3VPt"
      },
      "geometry": {
        "type": "Point",
        "coordinates": [
          -78.4542319,
          -1.6735631
        ]
      }
    },
    {
      "type": "Feature",
      "properties": {
        "title": "<b>Cartel</b> leader Castillo-Lopez gets life sentence in Midland court - Beaumont Enterprise",
        "description": "**<b>Cartel</b> leader Castillo-Lopez gets life sentence in Midland court - Beaumont Enterprise**\n\nA man that officials say is the leader of a drug trafficking organization with ties to a <b>Mexican cartel</b> was sentenced Thursday to a life sentence&nbsp;...\n\n[[https://www.google.com/url?rct=j&sa=t&url=https://www.beaumontenterprise.com/news/crime/article/drug-cartel-leader-life-sentence-midland-20167979.php&ct=ga&cd=CAIyHDI2MzcyZTM2ZGRiYWI1Yjg6Y29tOmVzOlVTOkw&usg=AOvVaw1DDTvnQcJGCNICXs9LX1KC|Ver la fuente]]",
        "published": "2025-02-14T20:41:19Z",
        "apa_citation": "<b>Cartel</b> leader Castillo-Lopez gets life sentence in Midland court - Beaumont Enterprise. (2025-02-14T20:41:19Z). [Blog post]. Recuperado de https://www.google.com/url?rct=j&sa=t&url=https://www.beaumontenterprise.com/news/crime/article/drug-cartel-leader-life-sentence-midland-20167979.php&ct=ga&cd=CAIyHDI2MzcyZTM2ZGRiYWI1Yjg6Y29tOmVzOlVTOkw&usg=AOvVaw1DDTvnQcJGCNICXs9LX1KC"
      },
      "geometry": {
        "type": "Point",
        "coordinates": [
          -102.0103767,
          31.83688
        ]
      }
    },
    {
      "type": "Feature",
      "properties": {
        "title": "Soldiers shoot suspected <b>cartel</b> members dead, seize 60 rifles in Chihuahua - Border Report",
        "description": "**Soldiers shoot suspected <b>cartel</b> members dead, seize 60 rifles in Chihuahua - Border Report**\n\nTwo suspected <b>drug cartel</b> members are dead after a firefight with ... <b>drug cartels</b> &middot; Next story in 5. Cancel. Read Next &gt; &middot; Next story in 5. Cancel&nbsp;...\n\n[[https://www.google.com/url?rct=j&sa=t&url=https://www.borderreport.com/immigration/border-crime/soldiers-shoot-suspected-cartel-members-dead-seize-60-rifles-in-chihuahua/&ct=ga&cd=CAIyHDI2MzcyZTM2ZGRiYWI1Yjg6Y29tOmVzOlVTOkw&usg=AOvVaw0rKBtOygXEtO8SFK6IqLjv|Ver la fuente]]",
        "published": "2025-02-14T20:12:05Z",
        "apa_citation": "Soldiers shoot suspected <b>cartel</b> members dead, seize 60 rifles in Chihuahua - Border Report. (2025-02-14T20:12:05Z). [Blog post]. Recuperado de https://www.google.com/url?rct=j&sa=t&url=https://www.borderreport.com/immigration/border-crime/soldiers-shoot-suspected-cartel-members-dead-seize-60-rifles-in-chihuahua/&ct=ga&cd=CAIyHDI2MzcyZTM2ZGRiYWI1Yjg6Y29tOmVzOlVTOkw&usg=AOvVaw0rKBtOygXEtO8SFK6IqLjv"
      },
      "geometry": {
        "type": "Point",
        "coordinates": [
          -106.0000001,
          28.5000001
        ]
      }
    },
    {
      "type": "Feature",
      "properties": {
        "title": "<b>Drug cartel</b> leader sentenced to life in Midland for trafficking, attempted murder",
        "description": "**<b>Drug cartel</b> leader sentenced to life in Midland for trafficking, attempted murder**\n\n... cartels and their drug trafficking organizations,” said U.S. Attorney ... <b>Mexican cartel</b> leader sentenced to life in Midland for drug trafficking.\n\n[[https://www.google.com/url?rct=j&sa=t&url=https://www.mrt.com/news/crime/article/drug-cartel-leader-life-sentence-midland-20167979.php&ct=ga&cd=CAIyHDI2MzcyZTM2ZGRiYWI1Yjg6Y29tOmVzOlVTOkw&usg=AOvVaw3hg8kMy1bI-gn3ewtJiNus|Ver la fuente]]",
        "published": "2025-02-14T19:27:47Z",
        "apa_citation": "<b>Drug cartel</b> leader sentenced to life in Midland for trafficking, attempted murder. (2025-02-14T19:27:47Z). [Blog post]. Recuperado de https://www.google.com/url?rct=j&sa=t&url=https://www.mrt.com/news/crime/article/drug-cartel-leader-life-sentence-midland-20167979.php&ct=ga&cd=CAIyHDI2MzcyZTM2ZGRiYWI1Yjg6Y29tOmVzOlVTOkw&usg=AOvVaw3hg8kMy1bI-gn3ewtJiNus"
      },
      "geometry": {
        "type": "Point",
        "coordinates": [
          -102.0103767,
          31.83688
        ]
      }
    },
    {
      "type": "Feature",
      "properties": {
        "title": "Hitmen mow down colonel in violence-torn Ecuador - France 24",
        "description": "**Hitmen mow down colonel in violence-torn Ecuador - France 24**\n\nBoth cities have been caught up in fighting between rival <b>drug gangs</b> that has seen homicide rates in Ecuador soar. The van ended up stalled in the&nbsp;...\n\n[[https://www.google.com/url?rct=j&sa=t&url=https://www.france24.com/en/live-news/20250214-hitmen-mow-down-colonel-in-violence-torn-ecuador&ct=ga&cd=CAIyHDI2MzcyZTM2ZGRiYWI1Yjg6Y29tOmVzOlVTOkw&usg=AOvVaw1k6PL-fTAOOQEpowkZSwsg|Ver la fuente]]",
        "published": "2025-02-14T18:01:51Z",
        "apa_citation": "Hitmen mow down colonel in violence-torn Ecuador - France 24. (2025-02-14T18:01:51Z). [Blog post]. Recuperado de https://www.google.com/url?rct=j&sa=t&url=https://www.france24.com/en/live-news/20250214-hitmen-mow-down-colonel-in-violence-torn-ecuador&ct=ga&cd=CAIyHDI2MzcyZTM2ZGRiYWI1Yjg6Y29tOmVzOlVTOkw&usg=AOvVaw1k6PL-fTAOOQEpowkZSwsg"
      },
      "geometry": {
        "type": "Point",
        "coordinates": [
          -79.3666965,
          -1.3397668
        ]
      }
    },
    {
      "type": "Feature",
      "properties": {
        "title": "Mexico's president takes aim at U.S. gunmakers if <b>cartels</b> are designated as terrorist groups",
        "description": "**Mexico's president takes aim at U.S. gunmakers if <b>cartels</b> are designated as terrorist groups**\n\n<b>The cartels</b> targeted in Mexico are the Sinaloa cartel, the Jalisco New Generation cartel, the Northeast cartel, the Michoacan family and the United&nbsp;...\n\n[[https://www.google.com/url?rct=j&sa=t&url=https://www.cbsnews.com/news/mexico-president-us-gunmakers-legal-action-cartels-designated-terrorist-groups/&ct=ga&cd=CAIyHDI2MzcyZTM2ZGRiYWI1Yjg6Y29tOmVzOlVTOkw&usg=AOvVaw2Lo4RM8LBoeNfXJ6NPRFtN|Ver la fuente]]",
        "published": "2025-02-14T17:04:46Z",
        "apa_citation": "Mexico's president takes aim at U.S. gunmakers if <b>cartels</b> are designated as terrorist groups. (2025-02-14T17:04:46Z). [Blog post]. Recuperado de https://www.google.com/url?rct=j&sa=t&url=https://www.cbsnews.com/news/mexico-president-us-gunmakers-legal-action-cartels-designated-terrorist-groups/&ct=ga&cd=CAIyHDI2MzcyZTM2ZGRiYWI1Yjg6Y29tOmVzOlVTOkw&usg=AOvVaw2Lo4RM8LBoeNfXJ6NPRFtN"
      },
      "geometry": {
        "type": "Point",
        "coordinates": [
          -99.1331785,
          19.4326296
        ]
      }
    },
    {
      "type": "Feature",
      "properties": {
        "title": "Man in federal prison for illegal firearms sentenced in bank fraud conspiracy - Yahoo",
        "description": "**Man in federal prison for illegal firearms sentenced in bank fraud conspiracy - Yahoo**\n\n“We urge everyone to make a habit of checking your ... Patrick Mahomes' Dad Missed <b>Drug Test</b> 2 Days After Kansas City Chiefs Lost in Super Bowl.\n\n[[https://www.google.com/url?rct=j&sa=t&url=https://www.yahoo.com/news/man-federal-prison-illegal-firearms-170924511.html&ct=ga&cd=CAIyHDU3ZTU0NDJiZGNhNDU5Mjk6Y29tOmVzOlVTOkw&usg=AOvVaw3IFMUNTleYDwVbMz_UPK4H|Ver la fuente]]",
        "published": "2025-02-14T19:33:53Z",
        "apa_citation": "Man in federal prison for illegal firearms sentenced in bank fraud conspiracy - Yahoo. (2025-02-14T19:33:53Z). [Blog post]. Recuperado de https://www.google.com/url?rct=j&sa=t&url=https://www.yahoo.com/news/man-federal-prison-illegal-firearms-170924511.html&ct=ga&cd=CAIyHDU3ZTU0NDJiZGNhNDU5Mjk6Y29tOmVzOlVTOkw&usg=AOvVaw3IFMUNTleYDwVbMz_UPK4H"
      },
      "geometry": {
        "type": "Point",
        "coordinates": [
          55.7281737,
          24.8830936
        ]
      }
    },
    {
      "type": "Feature",
      "properties": {
        "title": "Biotech company <b>testing</b> psilocybin pill requests preemptive change in Kansas law",
        "description": "**Biotech company <b>testing</b> psilocybin pill requests preemptive change in Kansas law**\n\nThe bill would specifically legalize Compass Pathways' <b>drug</b>, a 25 mg pill capsule called COMP 360, ensuring the company has a path to bringing the&nbsp;...\n\n[[https://www.google.com/url?rct=j&sa=t&url=https://lawrencekstimes.com/2025/02/14/biotech-co-psilocybin/&ct=ga&cd=CAIyHDU3ZTU0NDJiZGNhNDU5Mjk6Y29tOmVzOlVTOkw&usg=AOvVaw2hG_gzLuLh8xBV7_3d6Wiq|Ver la fuente]]",
        "published": "2025-02-14T19:28:29Z",
        "apa_citation": "Biotech company <b>testing</b> psilocybin pill requests preemptive change in Kansas law. (2025-02-14T19:28:29Z). [Blog post]. Recuperado de https://www.google.com/url?rct=j&sa=t&url=https://lawrencekstimes.com/2025/02/14/biotech-co-psilocybin/&ct=ga&cd=CAIyHDU3ZTU0NDJiZGNhNDU5Mjk6Y29tOmVzOlVTOkw&usg=AOvVaw2hG_gzLuLh8xBV7_3d6Wiq"
      },
      "geometry": {
        "type": "Point",
        "coordinates": [
          -98.5821872,
          38.27312
        ]
      }
    },
    {
      "type": "Feature",
      "properties": {
        "title": "Same Day and Affordable Phenobarbital Blood <b>Drug Test</b> in Madison, WI | Request A Test",
        "description": "**Same Day and Affordable Phenobarbital Blood <b>Drug Test</b> in Madison, WI | Request A Test**\n\nWHY CHOOSE US for your Phenobarbital Blood <b>Drug Test</b> ? Request A Test has been providing direct-to-consumer lab work since 2002. We offer discounted&nbsp;...\n\n[[https://www.google.com/url?rct=j&sa=t&url=https://requestatest.com/testing/phenobarbital-blood-drug-test/wisconsin/madison&ct=ga&cd=CAIyHDU3ZTU0NDJiZGNhNDU5Mjk6Y29tOmVzOlVTOkw&usg=AOvVaw12z3H_v90DBggck80HJXsx|Ver la fuente]]",
        "published": "2025-02-14T16:28:28Z",
        "apa_citation": "Same Day and Affordable Phenobarbital Blood <b>Drug Test</b> in Madison, WI | Request A Test. (2025-02-14T16:28:28Z). [Blog post]. Recuperado de https://www.google.com/url?rct=j&sa=t&url=https://requestatest.com/testing/phenobarbital-blood-drug-test/wisconsin/madison&ct=ga&cd=CAIyHDU3ZTU0NDJiZGNhNDU5Mjk6Y29tOmVzOlVTOkw&usg=AOvVaw12z3H_v90DBggck80HJXsx"
      },
      "geometry": {
        "type": "Point",
        "coordinates": [
          -89.3837613,
          43.074761
        ]
      }
    },
    {
      "type": "Feature",
      "properties": {
        "title": "Fentanyl testing added to USA federal workplace <b>drug testing</b> panel - DATAC",
        "description": "**Fentanyl testing added to USA federal workplace <b>drug testing</b> panel - DATAC**\n\nEarlier in January, the U.S. Department of Health and Human Services (HHS) published its updated guidelines for <b>drug testing</b> in federal workplaces&nbsp;...\n\n[[https://www.google.com/url?rct=j&sa=t&url=https://datac.ca/fentanyl-testing-added-to-usa-federal-workplace-drug-testing-panel/&ct=ga&cd=CAIyHDU3ZTU0NDJiZGNhNDU5Mjk6Y29tOmVzOlVTOkw&usg=AOvVaw156oZlUCY0EbKbXy06j8YF|Ver la fuente]]",
        "published": "2025-02-14T14:45:41Z",
        "apa_citation": "Fentanyl testing added to USA federal workplace <b>drug testing</b> panel - DATAC. (2025-02-14T14:45:41Z). [Blog post]. Recuperado de https://www.google.com/url?rct=j&sa=t&url=https://datac.ca/fentanyl-testing-added-to-usa-federal-workplace-drug-testing-panel/&ct=ga&cd=CAIyHDU3ZTU0NDJiZGNhNDU5Mjk6Y29tOmVzOlVTOkw&usg=AOvVaw156oZlUCY0EbKbXy06j8YF"
      },
      "geometry": {
        "type": "Point",
        "coordinates": [
          -77.00068396869504,
          -12.08632975
        ]
      }
    },
    {
      "type": "Feature",
      "properties": {
        "title": "Immune System Regulated by Fluoxetine to Fight Infections and Sepsis in Murine",
        "description": "**Immune System Regulated by Fluoxetine to Fight Infections and Sepsis in Murine**\n\n... <b>drug's</b> neurological effects and original use as an antidepressant. On ... effects, the researchers also looked at two new mouse populations.\n\n[[https://www.google.com/url?rct=j&sa=t&url=https://www.genengnews.com/topics/infectious-diseases/fluoxetine-manipulates-immune-system-to-protect-against-infections-and-sepsis-murine-study-shows/&ct=ga&cd=CAIyHGU5N2E0ZjkyZWEzYjIzYzc6Y29tOmVzOlVTOkw&usg=AOvVaw36axAZ9YiYt9tWFmJSSeqE|Ver la fuente]]",
        "published": "2025-02-14T19:19:42Z",
        "apa_citation": "Immune System Regulated by Fluoxetine to Fight Infections and Sepsis in Murine. (2025-02-14T19:19:42Z). [Blog post]. Recuperado de https://www.google.com/url?rct=j&sa=t&url=https://www.genengnews.com/topics/infectious-diseases/fluoxetine-manipulates-immune-system-to-protect-against-infections-and-sepsis-murine-study-shows/&ct=ga&cd=CAIyHGU5N2E0ZjkyZWEzYjIzYzc6Y29tOmVzOlVTOkw&usg=AOvVaw36axAZ9YiYt9tWFmJSSeqE"
      },
      "geometry": {
        "type": "Point",
        "coordinates": [
          13.5423199,
          45.4514744
        ]
      }
    },
    {
      "type": "Feature",
      "properties": {
        "title": "Tariffs, Fentanyl, and Migration: Updates on U.S.-Mexico Relations after Trump's First Month in Office",
        "description": "**Tariffs, Fentanyl, and Migration: Updates on U.S.-Mexico Relations after Trump's First Month in Office**\n\n... <b>impact</b> of his administration's stance on <b>drugs</b> and migration ... groups as terrorist organizations. These new actions would add in a new layer&nbsp;...\n\n[[https://www.google.com/url?rct=j&sa=t&url=https://www.wola.org/analysis/trump-tariffs-fentanyl-migration-u-s-mexico/&ct=ga&cd=CAIyHGU5N2E0ZjkyZWEzYjIzYzc6Y29tOmVzOlVTOkw&usg=AOvVaw3DBcywhk4WpB6HFZYQP1L-|Ver la fuente]]",
        "published": "2025-02-14T17:25:49Z",
        "apa_citation": "Tariffs, Fentanyl, and Migration: Updates on U.S.-Mexico Relations after Trump's First Month in Office. (2025-02-14T17:25:49Z). [Blog post]. Recuperado de https://www.google.com/url?rct=j&sa=t&url=https://www.wola.org/analysis/trump-tariffs-fentanyl-migration-u-s-mexico/&ct=ga&cd=CAIyHGU5N2E0ZjkyZWEzYjIzYzc6Y29tOmVzOlVTOkw&usg=AOvVaw3DBcywhk4WpB6HFZYQP1L-"
      },
      "geometry": {
        "type": "Point",
        "coordinates": [
          76.92931679041169,
          43.239694799999995
        ]
      }
    },
    {
      "type": "Feature",
      "properties": {
        "title": "U.S. Attorney's Office Secures Guilty Plea in Firearms and <b>Drug</b> Trafficking Scheme",
        "description": "**U.S. Attorney's Office Secures Guilty Plea in Firearms and <b>Drug</b> Trafficking Scheme**\n\n... <b>community</b> fall victim to the devastating <b>impact</b> of these illegal automatic weapons. Updated February 14, 2025. Topics. <b>Drug</b> Trafficking. Firearms&nbsp;...\n\n[[https://www.google.com/url?rct=j&sa=t&url=https://www.justice.gov/usao-nm/pr/us-attorneys-office-secures-guilty-plea-firearms-and-drug-trafficking-scheme&ct=ga&cd=CAIyHGU5N2E0ZjkyZWEzYjIzYzc6Y29tOmVzOlVTOkw&usg=AOvVaw3OLGg_vS5i3wIajVV0Ql-C|Ver la fuente]]",
        "published": "2025-02-14T16:57:29Z",
        "apa_citation": "U.S. Attorney's Office Secures Guilty Plea in Firearms and <b>Drug</b> Trafficking Scheme. (2025-02-14T16:57:29Z). [Blog post]. Recuperado de https://www.google.com/url?rct=j&sa=t&url=https://www.justice.gov/usao-nm/pr/us-attorneys-office-secures-guilty-plea-firearms-and-drug-trafficking-scheme&ct=ga&cd=CAIyHGU5N2E0ZjkyZWEzYjIzYzc6Y29tOmVzOlVTOkw&usg=AOvVaw3OLGg_vS5i3wIajVV0Ql-C"
      },
      "geometry": {
        "type": "Point",
        "coordinates": [
          -77.0046717,
          38.9076991
        ]
      }
    },
    {
      "type": "Feature",
      "properties": {
        "title": "FBI charges Mexican man for <b>drug</b> distribution and <b>money laundering</b> in Horry Co. - WPDE",
        "description": "**FBI charges Mexican man for <b>drug</b> distribution and <b>money laundering</b> in Horry Co. - WPDE**\n\nOne man was extradited from Mexico this morning to be arraigned in a Florence federal court fordistributing cocaine and heroin and <b>money</b>&nbsp;...\n\n[[https://www.google.com/url?rct=j&sa=t&url=https://wpde.com/news/local/horry-county-drug-dealing-mexican-national-fbi-investigation-federal-rafael-contreras&ct=ga&cd=CAIyHGU1MDk2YTEyYTIyZTJiZGU6Y29tOmVzOlVTOkw&usg=AOvVaw3oHtSVwRNwu0pM4m5XtT6N|Ver la fuente]]",
        "published": "2025-02-14T20:27:28Z",
        "apa_citation": "FBI charges Mexican man for <b>drug</b> distribution and <b>money laundering</b> in Horry Co. - WPDE. (2025-02-14T20:27:28Z). [Blog post]. Recuperado de https://www.google.com/url?rct=j&sa=t&url=https://wpde.com/news/local/horry-county-drug-dealing-mexican-national-fbi-investigation-federal-rafael-contreras&ct=ga&cd=CAIyHGU1MDk2YTEyYTIyZTJiZGU6Y29tOmVzOlVTOkw&usg=AOvVaw3oHtSVwRNwu0pM4m5XtT6N"
      },
      "geometry": {
        "type": "Point",
        "coordinates": [
          -78.9578973,
          33.9204504
        ]
      }
    },
    {
      "type": "Feature",
      "properties": {
        "title": "California Man Sentenced to Over 5 Years in Federal Prison for Conspiracy to Distribute ... - DEA.gov",
        "description": "**California Man Sentenced to Over 5 Years in Federal Prison for Conspiracy to Distribute ... - DEA.gov**\n\nThe investigation also revealed that Johnson <b>laundered drug</b> proceeds on August 10, 2020, when he was stopped at the Louisville Muhammad Ali&nbsp;...\n\n[[https://www.google.com/url?rct=j&sa=t&url=https://www.dea.gov/press-releases/2025/02/14/california-man-sentenced-over-5-years-federal-prison-for-conspiracy&ct=ga&cd=CAIyHGU1MDk2YTEyYTIyZTJiZGU6Y29tOmVzOlVTOkw&usg=AOvVaw1e9uJEj561J-Jf7ORzZqpl|Ver la fuente]]",
        "published": "2025-02-14T20:09:40Z",
        "apa_citation": "California Man Sentenced to Over 5 Years in Federal Prison for Conspiracy to Distribute ... - DEA.gov. (2025-02-14T20:09:40Z). [Blog post]. Recuperado de https://www.google.com/url?rct=j&sa=t&url=https://www.dea.gov/press-releases/2025/02/14/california-man-sentenced-over-5-years-federal-prison-for-conspiracy&ct=ga&cd=CAIyHGU1MDk2YTEyYTIyZTJiZGU6Y29tOmVzOlVTOkw&usg=AOvVaw1e9uJEj561J-Jf7ORzZqpl"
      },
      "geometry": {
        "type": "Point",
        "coordinates": [
          -80.6678070117965,
          37.7239563
        ]
      }
    },
    {
      "type": "Feature",
      "properties": {
        "title": "California Man Sentenced to Over 5 Years in Federal Prison for Conspiracy to Distribute ...",
        "description": "**California Man Sentenced to Over 5 Years in Federal Prison for Conspiracy to Distribute ...**\n\n... <b>money laundering</b>. U.S. Attorney Michael A. Bennett of the Western ... The investigation also revealed that Johnson laundered <b>drug</b> proceeds on&nbsp;...\n\n[[https://www.google.com/url?rct=j&sa=t&url=https://www.justice.gov/usao-wdky/pr/california-man-sentenced-over-5-years-federal-prison-conspiracy-distribute&ct=ga&cd=CAIyHGU1MDk2YTEyYTIyZTJiZGU6Y29tOmVzOlVTOkw&usg=AOvVaw0IujwTtXy6X1S0HgOd5Dis|Ver la fuente]]",
        "published": "2025-02-14T19:40:28Z",
        "apa_citation": "California Man Sentenced to Over 5 Years in Federal Prison for Conspiracy to Distribute .... (2025-02-14T19:40:28Z). [Blog post]. Recuperado de https://www.google.com/url?rct=j&sa=t&url=https://www.justice.gov/usao-wdky/pr/california-man-sentenced-over-5-years-federal-prison-conspiracy-distribute&ct=ga&cd=CAIyHGU1MDk2YTEyYTIyZTJiZGU6Y29tOmVzOlVTOkw&usg=AOvVaw0IujwTtXy6X1S0HgOd5Dis"
      },
      "geometry": {
        "type": "Point",
        "coordinates": [
          -80.6678070117965,
          37.7239563
        ]
      }
    },
    {
      "type": "Feature",
      "properties": {
        "title": "3 arrested in 2 fentanyl busts in Salt Lake County | KSL.com",
        "description": "**3 arrested in 2 fentanyl busts in Salt Lake County | KSL.com**\n\n... <b>drug</b> investigation by several local police agencies ... Navarro was also arrested on suspicion of <b>money laundering</b> and being a restricted person in&nbsp;...\n\n[[https://www.google.com/url?rct=j&sa=t&url=https://www.ksl.com/article/51253694/3-arrested-in-2-fentanyl-busts-in-salt-lake-county-&ct=ga&cd=CAIyHGU1MDk2YTEyYTIyZTJiZGU6Y29tOmVzOlVTOkw&usg=AOvVaw1M8qsjD-kZ7gXxVp8sIYYC|Ver la fuente]]",
        "published": "2025-02-14T18:31:40Z",
        "apa_citation": "3 arrested in 2 fentanyl busts in Salt Lake County | KSL.com. (2025-02-14T18:31:40Z). [Blog post]. Recuperado de https://www.google.com/url?rct=j&sa=t&url=https://www.ksl.com/article/51253694/3-arrested-in-2-fentanyl-busts-in-salt-lake-county-&ct=ga&cd=CAIyHGU1MDk2YTEyYTIyZTJiZGU6Y29tOmVzOlVTOkw&usg=AOvVaw1M8qsjD-kZ7gXxVp8sIYYC"
      },
      "geometry": {
        "type": "Point",
        "coordinates": [
          -111.9103124,
          40.6632297
        ]
      }
    },
    {
      "type": "Feature",
      "properties": {
        "title": "US man detained in Russia on <b>drugs</b> charges - state media - BBC",
        "description": "**US man detained in Russia on <b>drugs</b> charges - state media - BBC**\n\n... <b>drug</b> smuggling charges ... Prisoner exchanges occurred as recently as this week, when a Russian national jailed in the US on <b>money laundering</b>&nbsp;...\n\n[[https://www.google.com/url?rct=j&sa=t&url=https://www.bbc.com/news/articles/c4g31jnv398o&ct=ga&cd=CAIyHGU1MDk2YTEyYTIyZTJiZGU6Y29tOmVzOlVTOkw&usg=AOvVaw3A7fKCxKMQq9lzTICI4M_D|Ver la fuente]]",
        "published": "2025-02-14T18:04:26Z",
        "apa_citation": "US man detained in Russia on <b>drugs</b> charges - state media - BBC. (2025-02-14T18:04:26Z). [Blog post]. Recuperado de https://www.google.com/url?rct=j&sa=t&url=https://www.bbc.com/news/articles/c4g31jnv398o&ct=ga&cd=CAIyHGU1MDk2YTEyYTIyZTJiZGU6Y29tOmVzOlVTOkw&usg=AOvVaw3A7fKCxKMQq9lzTICI4M_D"
      },
      "geometry": {
        "type": "Point",
        "coordinates": [
          97.7453061,
          64.6863136
        ]
      }
    },
    {
      "type": "Feature",
      "properties": {
        "title": "Heathrow passenger charged following £400000 <b>cash</b> find in suitcase",
        "description": "**Heathrow passenger charged following £400000 <b>cash</b> find in suitcase**\n\nAustrian national Broomand Nasab, 41, was arrested at Heathrow Airport on Wednesday and was charged with one count of <b>money laundering</b>. Nearly 11,000&nbsp;...\n\n[[https://www.google.com/url?rct=j&sa=t&url=https://www.nationalcrimeagency.gov.uk/news/heathrow-passenger-charged-following-400-000-cash-find-in-suitcase&ct=ga&cd=CAIyHGU1MDk2YTEyYTIyZTJiZGU6Y29tOmVzOlVTOkw&usg=AOvVaw1p-Awt04klSVougCOn4BsI|Ver la fuente]]",
        "published": "2025-02-14T14:41:48Z",
        "apa_citation": "Heathrow passenger charged following £400000 <b>cash</b> find in suitcase. (2025-02-14T14:41:48Z). [Blog post]. Recuperado de https://www.google.com/url?rct=j&sa=t&url=https://www.nationalcrimeagency.gov.uk/news/heathrow-passenger-charged-following-400-000-cash-find-in-suitcase&ct=ga&cd=CAIyHGU1MDk2YTEyYTIyZTJiZGU6Y29tOmVzOlVTOkw&usg=AOvVaw1p-Awt04klSVougCOn4BsI"
      },
      "geometry": {
        "type": "Point",
        "coordinates": [
          -0.4587800741571181,
          51.46773895
        ]
      }
    },
    {
      "type": "Feature",
      "properties": {
        "title": "Biotech company <b>testing</b> psilocybin pill requests preemptive <b>change</b> in Kansas law",
        "description": "**Biotech company <b>testing</b> psilocybin pill requests preemptive <b>change</b> in Kansas law**\n\nThe company is currently overseeing a synthetic psilocybin <b>drug</b> meant for remedying treatment-resistant depression. The <b>drug</b> is in the final phase&nbsp;...\n\n[[https://www.google.com/url?rct=j&sa=t&url=https://kansasreflector.com/2025/02/14/biotech-company-testing-psilocybin-pill-requests-preemptive-change-in-kansas-law/&ct=ga&cd=CAIyHDk0OWFjYTA2MGVkNDBiMGQ6Y29tOmVzOlVTOkw&usg=AOvVaw1I_Yh3IMfRg6VlGn8_j0jQ|Ver la fuente]]",
        "published": "2025-02-14T19:09:59Z",
        "apa_citation": "Biotech company <b>testing</b> psilocybin pill requests preemptive <b>change</b> in Kansas law. (2025-02-14T19:09:59Z). [Blog post]. Recuperado de https://www.google.com/url?rct=j&sa=t&url=https://kansasreflector.com/2025/02/14/biotech-company-testing-psilocybin-pill-requests-preemptive-change-in-kansas-law/&ct=ga&cd=CAIyHDk0OWFjYTA2MGVkNDBiMGQ6Y29tOmVzOlVTOkw&usg=AOvVaw1I_Yh3IMfRg6VlGn8_j0jQ"
      },
      "geometry": {
        "type": "Point",
        "coordinates": [
          -98.5821872,
          38.27312
        ]
      }
    },
    {
      "type": "Feature",
      "properties": {
        "title": "Tariffs, Fentanyl, and Migration: Updates on U.S.-Mexico Relations after Trump's First Month in Office",
        "description": "**Tariffs, Fentanyl, and Migration: Updates on U.S.-Mexico Relations after Trump's First Month in Office**\n\n... <b>change</b> of existing policy. Fast forward ... Latin America, United StatesClimate, Democracy, <b>Drug Policy</b>, Migration, Peace &amp; Security, Rule of Law.\n\n[[https://www.google.com/url?rct=j&sa=t&url=https://www.wola.org/analysis/trump-tariffs-fentanyl-migration-u-s-mexico/&ct=ga&cd=CAIyHDk0OWFjYTA2MGVkNDBiMGQ6Y29tOmVzOlVTOkw&usg=AOvVaw3DBcywhk4WpB6HFZYQP1L-|Ver la fuente]]",
        "published": "2025-02-14T17:25:49Z",
        "apa_citation": "Tariffs, Fentanyl, and Migration: Updates on U.S.-Mexico Relations after Trump's First Month in Office. (2025-02-14T17:25:49Z). [Blog post]. Recuperado de https://www.google.com/url?rct=j&sa=t&url=https://www.wola.org/analysis/trump-tariffs-fentanyl-migration-u-s-mexico/&ct=ga&cd=CAIyHDk0OWFjYTA2MGVkNDBiMGQ6Y29tOmVzOlVTOkw&usg=AOvVaw3DBcywhk4WpB6HFZYQP1L-"
      },
      "geometry": {
        "type": "Point",
        "coordinates": [
          76.92931679041169,
          43.239694799999995
        ]
      }
    },
    {
      "type": "Feature",
      "properties": {
        "title": "The IRA <b>Drug</b> Negotiation Program: Why Is It the Way It Is? - The American Action Forum",
        "description": "**The IRA <b>Drug</b> Negotiation Program: Why Is It the Way It Is? - The American Action Forum**\n\n... <b>drugs</b> in Part D. Even if utilization <b>changes</b> from the adoption of a proposed rule allowing Medicare to cover anti-obesity <b>drugs</b>, this increases&nbsp;...\n\n[[https://www.google.com/url?rct=j&sa=t&url=https://www.americanactionforum.org/weekly-checkup/the-ira-drug-negotiation-program-why-is-it-the-way-it-is/&ct=ga&cd=CAIyHDk0OWFjYTA2MGVkNDBiMGQ6Y29tOmVzOlVTOkw&usg=AOvVaw2XZuPMN2j45hwRThD61WBn|Ver la fuente]]",
        "published": "2025-02-14T15:50:43Z",
        "apa_citation": "The IRA <b>Drug</b> Negotiation Program: Why Is It the Way It Is? - The American Action Forum. (2025-02-14T15:50:43Z). [Blog post]. Recuperado de https://www.google.com/url?rct=j&sa=t&url=https://www.americanactionforum.org/weekly-checkup/the-ira-drug-negotiation-program-why-is-it-the-way-it-is/&ct=ga&cd=CAIyHDk0OWFjYTA2MGVkNDBiMGQ6Y29tOmVzOlVTOkw&usg=AOvVaw2XZuPMN2j45hwRThD61WBn"
      },
      "geometry": {
        "type": "Point",
        "coordinates": [
          -63.0467131,
          18.0814066
        ]
      }
    },
    {
      "type": "Feature",
      "properties": {
        "title": "Two charged with <b>drug trafficking</b> in Picton | Quinte News",
        "description": "**Two charged with <b>drug trafficking</b> in Picton | Quinte News**\n\nTwo people were arrested, and officers seized suspected cocaine, suspected fentanyl and items typically associated with <b>drug trafficking</b>. 27-year&nbsp;...\n\n[[https://www.google.com/url?rct=j&sa=t&url=https://www.quintenews.com/2025/02/14/350647/&ct=ga&cd=CAIyHDUyZWIyYjc3NGQwNzc1Mzg6Y29tOmVzOlVTOkw&usg=AOvVaw0PmWHbPfoKpp6b_aM8uSNd|Ver la fuente]]",
        "published": "2025-02-14T20:12:24Z",
        "apa_citation": "Two charged with <b>drug trafficking</b> in Picton | Quinte News. (2025-02-14T20:12:24Z). [Blog post]. Recuperado de https://www.google.com/url?rct=j&sa=t&url=https://www.quintenews.com/2025/02/14/350647/&ct=ga&cd=CAIyHDUyZWIyYjc3NGQwNzc1Mzg6Y29tOmVzOlVTOkw&usg=AOvVaw0PmWHbPfoKpp6b_aM8uSNd"
      },
      "geometry": {
        "type": "Point",
        "coordinates": [
          174.006908,
          -41.290916
        ]
      }
    },
    {
      "type": "Feature",
      "properties": {
        "title": "Goldsboro man arrested in New Hanover County for <b>drug trafficking</b> - WWAYTV3",
        "description": "**Goldsboro man arrested in New Hanover County for <b>drug trafficking</b> - WWAYTV3**\n\nA two agency <b>drug trafficking</b> investigation has resulted in the arrest of Daniel Lee Floyd on multiple felony charges, according to the New&nbsp;...\n\n[[https://www.google.com/url?rct=j&sa=t&url=https://www.wwaytv3.com/goldsboro-man-arrested-in-new-hanover-county-for-drug-trafficking/&ct=ga&cd=CAIyHDUyZWIyYjc3NGQwNzc1Mzg6Y29tOmVzOlVTOkw&usg=AOvVaw1CEVH_MqGZ8bK2J6pDdNDM|Ver la fuente]]",
        "published": "2025-02-14T19:59:43Z",
        "apa_citation": "Goldsboro man arrested in New Hanover County for <b>drug trafficking</b> - WWAYTV3. (2025-02-14T19:59:43Z). [Blog post]. Recuperado de https://www.google.com/url?rct=j&sa=t&url=https://www.wwaytv3.com/goldsboro-man-arrested-in-new-hanover-county-for-drug-trafficking/&ct=ga&cd=CAIyHDUyZWIyYjc3NGQwNzc1Mzg6Y29tOmVzOlVTOkw&usg=AOvVaw1CEVH_MqGZ8bK2J6pDdNDM"
      },
      "geometry": {
        "type": "Point",
        "coordinates": [
          -77.8818627,
          34.2751052
        ]
      }
    },
    {
      "type": "Feature",
      "properties": {
        "title": "Father, daughter accused of <b>trafficking drugs</b> in Baton Rouge area - WAFB",
        "description": "**Father, daughter accused of <b>trafficking drugs</b> in Baton Rouge area - WAFB**\n\nThousands of lethal&nbsp;...\n\n[[https://www.google.com/url?rct=j&sa=t&url=https://www.wafb.com/2025/02/14/father-daughter-accused-trafficking-drugs-baton-rouge-area/&ct=ga&cd=CAIyHDUyZWIyYjc3NGQwNzc1Mzg6Y29tOmVzOlVTOkw&usg=AOvVaw3zL5i1EK1JQ_f1y_nIaedQ|Ver la fuente]]",
        "published": "2025-02-14T19:56:29Z",
        "apa_citation": "Father, daughter accused of <b>trafficking drugs</b> in Baton Rouge area - WAFB. (2025-02-14T19:56:29Z). [Blog post]. Recuperado de https://www.google.com/url?rct=j&sa=t&url=https://www.wafb.com/2025/02/14/father-daughter-accused-trafficking-drugs-baton-rouge-area/&ct=ga&cd=CAIyHDUyZWIyYjc3NGQwNzc1Mzg6Y29tOmVzOlVTOkw&usg=AOvVaw3zL5i1EK1JQ_f1y_nIaedQ"
      },
      "geometry": {
        "type": "Point",
        "coordinates": [
          -91.1869659,
          30.4494155
        ]
      }
    },
    {
      "type": "Feature",
      "properties": {
        "title": "<b>Drug</b> cartel leader sentenced to life in Midland for <b>trafficking</b>, attempted murder",
        "description": "**<b>Drug</b> cartel leader sentenced to life in Midland for <b>trafficking</b>, attempted murder**\n\nJose Ramon Castillo-Lopez, leader of a <b>drug trafficking</b> organization with cartel ties, was sentenced to a life sentence in Midland for drug&nbsp;...\n\n[[https://www.google.com/url?rct=j&sa=t&url=https://www.mrt.com/news/crime/article/drug-cartel-leader-life-sentence-midland-20167979.php&ct=ga&cd=CAIyHDUyZWIyYjc3NGQwNzc1Mzg6Y29tOmVzOlVTOkw&usg=AOvVaw3hg8kMy1bI-gn3ewtJiNus|Ver la fuente]]",
        "published": "2025-02-14T19:27:47Z",
        "apa_citation": "<b>Drug</b> cartel leader sentenced to life in Midland for <b>trafficking</b>, attempted murder. (2025-02-14T19:27:47Z). [Blog post]. Recuperado de https://www.google.com/url?rct=j&sa=t&url=https://www.mrt.com/news/crime/article/drug-cartel-leader-life-sentence-midland-20167979.php&ct=ga&cd=CAIyHDUyZWIyYjc3NGQwNzc1Mzg6Y29tOmVzOlVTOkw&usg=AOvVaw3hg8kMy1bI-gn3ewtJiNus"
      },
      "geometry": {
        "type": "Point",
        "coordinates": [
          -102.0103767,
          31.83688
        ]
      }
    },
    {
      "type": "Feature",
      "properties": {
        "title": "Meigs County <b>drug trafficking</b> investigation nets two arrests - WCHS",
        "description": "**Meigs County <b>drug trafficking</b> investigation nets two arrests - WCHS**\n\nDeputies investigating “high levels of <b>drug trafficking</b>” in Meigs County reported making two arrests Thursday.Charles Sullivan, of Letart,&nbsp;...\n\n[[https://www.google.com/url?rct=j&sa=t&url=https://wchstv.com/news/local/meigs-county-drug-trafficking-investigation-nets-two-arrests&ct=ga&cd=CAIyHDUyZWIyYjc3NGQwNzc1Mzg6Y29tOmVzOlVTOkw&usg=AOvVaw1hkN02_t37KQBk9-46Zim7|Ver la fuente]]",
        "published": "2025-02-14T18:44:52Z",
        "apa_citation": "Meigs County <b>drug trafficking</b> investigation nets two arrests - WCHS. (2025-02-14T18:44:52Z). [Blog post]. Recuperado de https://www.google.com/url?rct=j&sa=t&url=https://wchstv.com/news/local/meigs-county-drug-trafficking-investigation-nets-two-arrests&ct=ga&cd=CAIyHDUyZWIyYjc3NGQwNzc1Mzg6Y29tOmVzOlVTOkw&usg=AOvVaw1hkN02_t37KQBk9-46Zim7"
      },
      "geometry": {
        "type": "Point",
        "coordinates": [
          -82.0420769,
          39.1099292
        ]
      }
    },
    {
      "type": "Feature",
      "properties": {
        "title": "Midland DTO Leader Sentenced to Life in Federal Prison - DEA.gov",
        "description": "**Midland DTO Leader Sentenced to Life in Federal Prison - DEA.gov**\n\n... <b>drug trafficking</b> organization tied to a Mexican cartel. According to ... The men and women of the DEA will continue to bring other <b>drug traffickers</b> like&nbsp;...\n\n[[https://www.google.com/url?rct=j&sa=t&url=https://www.dea.gov/press-releases/2025/02/14/midland-dto-leader-sentenced-life-federal-prison&ct=ga&cd=CAIyHDUyZWIyYjc3NGQwNzc1Mzg6Y29tOmVzOlVTOkw&usg=AOvVaw0a-7kMaIUnaAl2BZ7xVnf8|Ver la fuente]]",
        "published": "2025-02-14T18:41:22Z",
        "apa_citation": "Midland DTO Leader Sentenced to Life in Federal Prison - DEA.gov. (2025-02-14T18:41:22Z). [Blog post]. Recuperado de https://www.google.com/url?rct=j&sa=t&url=https://www.dea.gov/press-releases/2025/02/14/midland-dto-leader-sentenced-life-federal-prison&ct=ga&cd=CAIyHDUyZWIyYjc3NGQwNzc1Mzg6Y29tOmVzOlVTOkw&usg=AOvVaw0a-7kMaIUnaAl2BZ7xVnf8"
      },
      "geometry": {
        "type": "Point",
        "coordinates": [
          -80.6678070117965,
          37.7239563
        ]
      }
    },
    {
      "type": "Feature",
      "properties": {
        "title": "KFDA NewsChannel10 on X: &quot;The leader of a <b>drug trafficking</b> organization that distributed ...",
        "description": "**KFDA NewsChannel10 on X: &quot;The leader of a <b>drug trafficking</b> organization that distributed ...**\n\nThe leader of a <b>drug trafficking</b> organization that distributed narcotics in Amarillo was sentenced to life in prison Thursday.\n\n[[https://www.google.com/url?rct=j&sa=t&url=https://twitter.com/NewsChannel10/status/1890440025696813414&ct=ga&cd=CAIyHDUyZWIyYjc3NGQwNzc1Mzg6Y29tOmVzOlVTOkw&usg=AOvVaw1TfuZ6PtjHX0CzjR6VxjWW|Ver la fuente]]",
        "published": "2025-02-14T17:53:20Z",
        "apa_citation": "KFDA NewsChannel10 on X: &quot;The leader of a <b>drug trafficking</b> organization that distributed .... (2025-02-14T17:53:20Z). [Blog post]. Recuperado de https://www.google.com/url?rct=j&sa=t&url=https://twitter.com/NewsChannel10/status/1890440025696813414&ct=ga&cd=CAIyHDUyZWIyYjc3NGQwNzc1Mzg6Y29tOmVzOlVTOkw&usg=AOvVaw1TfuZ6PtjHX0CzjR6VxjWW"
      },
      "geometry": {
        "type": "Point",
        "coordinates": [
          -101.8371192,
          35.20729
        ]
      }
    },
    {
      "type": "Feature",
      "properties": {
        "title": "Al-Sadr accuses government officials of <b>drug trade</b> complicity - Shafaq News",
        "description": "**Al-Sadr accuses government officials of <b>drug trade</b> complicity - Shafaq News**\n\nAl-Sadr accuses government officials of <b>drug trade</b> complicity ... <b>drug trafficking</b> in Iraq. The inquiry was part of a series of questions&nbsp;...\n\n[[https://www.google.com/url?rct=j&sa=t&url=https://shafaq.com/en/Iraq/Al-Sadr-accuses-government-officials-of-drug-trade-complicity&ct=ga&cd=CAIyHDUyZWIyYjc3NGQwNzc1Mzg6Y29tOmVzOlVTOkw&usg=AOvVaw2E9jIxWkU3z8sWl8Z-NblE|Ver la fuente]]",
        "published": "2025-02-14T17:48:30Z",
        "apa_citation": "Al-Sadr accuses government officials of <b>drug trade</b> complicity - Shafaq News. (2025-02-14T17:48:30Z). [Blog post]. Recuperado de https://www.google.com/url?rct=j&sa=t&url=https://shafaq.com/en/Iraq/Al-Sadr-accuses-government-officials-of-drug-trade-complicity&ct=ga&cd=CAIyHDUyZWIyYjc3NGQwNzc1Mzg6Y29tOmVzOlVTOkw&usg=AOvVaw2E9jIxWkU3z8sWl8Z-NblE"
      },
      "geometry": {
        "type": "Point",
        "coordinates": [
          44.1749775,
          33.0955793
        ]
      }
    },
    {
      "type": "Feature",
      "properties": {
        "title": "[Column] How long should people <b>use</b> obesity <b>drugs</b>? - KBR",
        "description": "**[Column] How long should people <b>use</b> obesity <b>drugs</b>? - KBR**\n\nIn October last year, a new obesity <b>drug</b>, Wegovy (semaglutide), became available in Korea and emerged as a hot topic on social media.\n\n[[https://www.google.com/url?rct=j&sa=t&url=https://www.koreabiomed.com/news/articleView.html%3Fidxno%3D26610&ct=ga&cd=CAIyHDQzOWYzM2ZkYzA0OTk4NmM6Y29tOmVzOlVTOkw&usg=AOvVaw0jaq3st23IZcrVYfl9swpD|Ver la fuente]]",
        "published": "2025-02-14T17:12:40Z",
        "apa_citation": "[Column] How long should people <b>use</b> obesity <b>drugs</b>? - KBR. (2025-02-14T17:12:40Z). [Blog post]. Recuperado de https://www.google.com/url?rct=j&sa=t&url=https://www.koreabiomed.com/news/articleView.html%3Fidxno%3D26610&ct=ga&cd=CAIyHDQzOWYzM2ZkYzA0OTk4NmM6Y29tOmVzOlVTOkw&usg=AOvVaw0jaq3st23IZcrVYfl9swpD"
      },
      "geometry": {
        "type": "Point",
        "coordinates": [
          126.73311710879327,
          37.9528488
        ]
      }
    },
    {
      "type": "Feature",
      "properties": {
        "title": "VADOC First in World to <b>Use</b> ScanTech AI Systems <b>Drug</b> and Contraband Detection System",
        "description": "**VADOC First in World to <b>Use</b> ScanTech AI Systems <b>Drug</b> and Contraband Detection System**\n\nThe Virginia Department of Corrections has become the first corrections system in the world to pilot what they call &quot;a powerful and&nbsp;...\n\n[[https://www.google.com/url?rct=j&sa=t&url=https://cvillerightnow.com/news/208802-vadoc-first-in-world-to-use-scantech-ai-systems-drug-and-contraband-detection-system/&ct=ga&cd=CAIyHDQzOWYzM2ZkYzA0OTk4NmM6Y29tOmVzOlVTOkw&usg=AOvVaw3YBwkTYzq7MYLi-kzF7l7T|Ver la fuente]]",
        "published": "2025-02-14T16:42:56Z",
        "apa_citation": "VADOC First in World to <b>Use</b> ScanTech AI Systems <b>Drug</b> and Contraband Detection System. (2025-02-14T16:42:56Z). [Blog post]. Recuperado de https://www.google.com/url?rct=j&sa=t&url=https://cvillerightnow.com/news/208802-vadoc-first-in-world-to-use-scantech-ai-systems-drug-and-contraband-detection-system/&ct=ga&cd=CAIyHDQzOWYzM2ZkYzA0OTk4NmM6Y29tOmVzOlVTOkw&usg=AOvVaw3YBwkTYzq7MYLi-kzF7l7T"
      },
      "geometry": {
        "type": "Point",
        "coordinates": [
          -118.269835,
          33.9744819
        ]
      }
    },
    {
      "type": "Feature",
      "properties": {
        "title": "Pennsylvania man sentenced on <b>drug</b>-<b>related</b> charges in WV - WBOY.com",
        "description": "**Pennsylvania man sentenced on <b>drug</b>-<b>related</b> charges in WV - WBOY.com**\n\nWBOY Crime Tracker. SIGN UP NOW. Starbucks' new instant coffee froths like it's cafe-brewed &middot; Coffee &amp; Accessories / 13 mins ago. Starbucks new Crema&nbsp;...\n\n[[https://www.google.com/url?rct=j&sa=t&url=https://www.wboy.com/news/crime/pennsylvania-man-sentenced-on-drug-related-charges-in-wv/&ct=ga&cd=CAIyHDAwMzRiZTM5MjE1M2Y2MWE6Y29tOmVzOlVTOkw&usg=AOvVaw0jZUvH9pQFbH3NSyElNJVv|Ver la fuente]]",
        "published": "2025-02-14T17:47:47Z",
        "apa_citation": "Pennsylvania man sentenced on <b>drug</b>-<b>related</b> charges in WV - WBOY.com. (2025-02-14T17:47:47Z). [Blog post]. Recuperado de https://www.google.com/url?rct=j&sa=t&url=https://www.wboy.com/news/crime/pennsylvania-man-sentenced-on-drug-related-charges-in-wv/&ct=ga&cd=CAIyHDAwMzRiZTM5MjE1M2Y2MWE6Y29tOmVzOlVTOkw&usg=AOvVaw0jZUvH9pQFbH3NSyElNJVv"
      },
      "geometry": {
        "type": "Point",
        "coordinates": [
          -80.8408415,
          38.4758406
        ]
      }
    },
    {
      "type": "Feature",
      "properties": {
        "title": "Crime in Barcelona drops 4.7% in 2024 - Catalan News",
        "description": "**Crime in Barcelona drops 4.7% in 2024 - Catalan News**\n\nWhile overall crime decreased, violence against women and domestic abuse cases rose. ... <b>Drug</b>-<b>related</b> operations dismantled 166 illegal&nbsp;...\n\n[[https://www.google.com/url?rct=j&sa=t&url=https://www.catalannews.com/society-science/item/crime-in-barcelona-drops-47-in-2024-reaching-lowest-theft-figures-in-a-decade&ct=ga&cd=CAIyHDAwMzRiZTM5MjE1M2Y2MWE6Y29tOmVzOlVTOkw&usg=AOvVaw27XbSuP69DS_AYYh1HMeqU|Ver la fuente]]",
        "published": "2025-02-14T17:46:47Z",
        "apa_citation": "Crime in Barcelona drops 4.7% in 2024 - Catalan News. (2025-02-14T17:46:47Z). [Blog post]. Recuperado de https://www.google.com/url?rct=j&sa=t&url=https://www.catalannews.com/society-science/item/crime-in-barcelona-drops-47-in-2024-reaching-lowest-theft-figures-in-a-decade&ct=ga&cd=CAIyHDAwMzRiZTM5MjE1M2Y2MWE6Y29tOmVzOlVTOkw&usg=AOvVaw27XbSuP69DS_AYYh1HMeqU"
      },
      "geometry": {
        "type": "Point",
        "coordinates": [
          2.1774322,
          41.3828939
        ]
      }
    },
    {
      "type": "Feature",
      "properties": {
        "title": "Large-scale <b>drug</b> operation in Kokomo results in multiple arrests - Indianapolis News - WISH-TV",
        "description": "**Large-scale <b>drug</b> operation in Kokomo results in multiple arrests - Indianapolis News - WISH-TV**\n\nHome / News / Crime Watch 8. Kokomo <b>drug</b> bust results in 20 arrests and seizure of large amounts of illegal <b>drugs</b>.\n\n[[https://www.google.com/url?rct=j&sa=t&url=https://www.wishtv.com/news/crime-watch-8/kokomo-drug-operation-arrests/&ct=ga&cd=CAIyHDAwMzRiZTM5MjE1M2Y2MWE6Y29tOmVzOlVTOkw&usg=AOvVaw0L3v42GZ33GOHq-9IY7H1D|Ver la fuente]]",
        "published": "2025-02-14T17:35:24Z",
        "apa_citation": "Large-scale <b>drug</b> operation in Kokomo results in multiple arrests - Indianapolis News - WISH-TV. (2025-02-14T17:35:24Z). [Blog post]. Recuperado de https://www.google.com/url?rct=j&sa=t&url=https://www.wishtv.com/news/crime-watch-8/kokomo-drug-operation-arrests/&ct=ga&cd=CAIyHDAwMzRiZTM5MjE1M2Y2MWE6Y29tOmVzOlVTOkw&usg=AOvVaw0L3v42GZ33GOHq-9IY7H1D"
      },
      "geometry": {
        "type": "Point",
        "coordinates": [
          -86.1336351,
          40.4864444
        ]
      }
    },
    {
      "type": "Feature",
      "properties": {
        "title": "Body Found in Fire-Damaged Home After Standoff in Brandon, SD | State News - KXLG",
        "description": "**Body Found in Fire-Damaged Home After Standoff in Brandon, SD | State News - KXLG**\n\n<b>Drug</b>-<b>related</b> Crime &middot; Legal Documents &middot; Attorney General Of South Dakota ... Police <b>Corruption</b> &middot; Law Enforcement Scandals &middot; United States Federal&nbsp;...\n\n[[https://www.google.com/url?rct=j&sa=t&url=https://www.mykxlg.com/news/state/body-found-in-fire-damaged-home-after-standoff-in-brandon-sd/article_e4fe2dc6-eae2-11ef-857c-e73154633d89.html&ct=ga&cd=CAIyHDAwMzRiZTM5MjE1M2Y2MWE6Y29tOmVzOlVTOkw&usg=AOvVaw17lkm5ztMASLCOccx_TfzY|Ver la fuente]]",
        "published": "2025-02-14T15:07:14Z",
        "apa_citation": "Body Found in Fire-Damaged Home After Standoff in Brandon, SD | State News - KXLG. (2025-02-14T15:07:14Z). [Blog post]. Recuperado de https://www.google.com/url?rct=j&sa=t&url=https://www.mykxlg.com/news/state/body-found-in-fire-damaged-home-after-standoff-in-brandon-sd/article_e4fe2dc6-eae2-11ef-857c-e73154633d89.html&ct=ga&cd=CAIyHDAwMzRiZTM5MjE1M2Y2MWE6Y29tOmVzOlVTOkw&usg=AOvVaw17lkm5ztMASLCOccx_TfzY"
      },
      "geometry": {
        "type": "Point",
        "coordinates": [
          36.083769,
          -0.2903187
        ]
      }
    },
    {
      "type": "Feature",
      "properties": {
        "title": "Firearms and <b>drugs</b> seized in Dublin Garda operation - Gript",
        "description": "**Firearms and <b>drugs</b> seized in Dublin Garda operation - Gript**\n\n“An Garda Síochána and our law enforcement partners are committed to targeting those engaged in <b>drug related</b> organised crime that leads to harm,&nbsp;...\n\n[[https://www.google.com/url?rct=j&sa=t&url=https://gript.ie/firearms-and-drugs-seized-in-dublin-garda-operation/&ct=ga&cd=CAIyHDAwMzRiZTM5MjE1M2Y2MWE6Y29tOmVzOlVTOkw&usg=AOvVaw0A2yxZlGNupZm_6hsX-WkN|Ver la fuente]]",
        "published": "2025-02-14T12:51:52Z",
        "apa_citation": "Firearms and <b>drugs</b> seized in Dublin Garda operation - Gript. (2025-02-14T12:51:52Z). [Blog post]. Recuperado de https://www.google.com/url?rct=j&sa=t&url=https://gript.ie/firearms-and-drugs-seized-in-dublin-garda-operation/&ct=ga&cd=CAIyHDAwMzRiZTM5MjE1M2Y2MWE6Y29tOmVzOlVTOkw&usg=AOvVaw0A2yxZlGNupZm_6hsX-WkN"
      },
      "geometry": {
        "type": "Point",
        "coordinates": [
          -6.318800874360287,
          53.3601601
        ]
      }
    },
    {
      "type": "Feature",
      "properties": {
        "title": "How far would a wife go to keep $2M Ponzi scheme a secret? - Yahoo",
        "description": "**How far would a wife go to keep $2M Ponzi scheme a secret? - Yahoo**\n\nNatalie called the alleged <b>financial crimes related</b> to the little ... 20 charged in Northeast Ohio <b>drug</b> ring <b>linked</b> to Cartel. Twenty people&nbsp;...\n\n[[https://www.google.com/url?rct=j&sa=t&url=https://www.yahoo.com/news/far-wife-keep-2m-ponzi-110855243.html&ct=ga&cd=CAIyHGYwOWFmMmIxMDM5NTk3Nzc6Y29tOmVzOlVTOkw&usg=AOvVaw0yfTdIujHrpFaqb8Q522bc|Ver la fuente]]",
        "published": "2025-02-14T18:14:00Z",
        "apa_citation": "How far would a wife go to keep $2M Ponzi scheme a secret? - Yahoo. (2025-02-14T18:14:00Z). [Blog post]. Recuperado de https://www.google.com/url?rct=j&sa=t&url=https://www.yahoo.com/news/far-wife-keep-2m-ponzi-110855243.html&ct=ga&cd=CAIyHGYwOWFmMmIxMDM5NTk3Nzc6Y29tOmVzOlVTOkw&usg=AOvVaw0yfTdIujHrpFaqb8Q522bc"
      },
      "geometry": {
        "type": "Point",
        "coordinates": [
          -81.24559718478912,
          41.1038891
        ]
      }
    },
    {
      "type": "Feature",
      "properties": {
        "title": "Pennsylvania man sentenced on <b>drug</b>-<b>related</b> charges in WV - WBOY.com",
        "description": "**Pennsylvania man sentenced on <b>drug</b>-<b>related</b> charges in WV - WBOY.com**\n\n40 year old Jo-El Torres of Pittsburg, Pennsylvania was pulled over in Clarksburg, West Virginia for an unknown reason.\n\n[[https://www.google.com/url?rct=j&sa=t&url=https://www.wboy.com/news/crime/pennsylvania-man-sentenced-on-drug-related-charges-in-wv/&ct=ga&cd=CAIyHGYwOWFmMmIxMDM5NTk3Nzc6Y29tOmVzOlVTOkw&usg=AOvVaw0jZUvH9pQFbH3NSyElNJVv|Ver la fuente]]",
        "published": "2025-02-14T17:51:39Z",
        "apa_citation": "Pennsylvania man sentenced on <b>drug</b>-<b>related</b> charges in WV - WBOY.com. (2025-02-14T17:51:39Z). [Blog post]. Recuperado de https://www.google.com/url?rct=j&sa=t&url=https://www.wboy.com/news/crime/pennsylvania-man-sentenced-on-drug-related-charges-in-wv/&ct=ga&cd=CAIyHGYwOWFmMmIxMDM5NTk3Nzc6Y29tOmVzOlVTOkw&usg=AOvVaw0jZUvH9pQFbH3NSyElNJVv"
      },
      "geometry": {
        "type": "Point",
        "coordinates": [
          -80.8408415,
          38.4758406
        ]
      }
    },
    {
      "type": "Feature",
      "properties": {
        "title": "Two Arrested, Over 6 Kgs of Ganja Seized in Major Anti-<b>Drug</b> Operation by PS <b>Crime</b> ...",
        "description": "**Two Arrested, Over 6 Kgs of Ganja Seized in Major Anti-<b>Drug</b> Operation by PS <b>Crime</b> ...**\n\nThe operation was carried out by a team comprising Inspector Girish Kumar, SHO, PS <b>Crime</b> &amp; <b>Economic</b> Offence, SI Moideen Kutty, ASI Mohd. Rafique, Head&nbsp;...\n\n[[https://www.google.com/url?rct=j&sa=t&url=https://nicobartimes.com/local-news/two-arrested-over-6-kgs-of-ganja-seized-in-major-anti-drug-operation-by-ps-crime-economic-offence/&ct=ga&cd=CAIyHGYwOWFmMmIxMDM5NTk3Nzc6Y29tOmVzOlVTOkw&usg=AOvVaw0aCJgT63YrT3LYBbbAkUWB|Ver la fuente]]",
        "published": "2025-02-14T15:30:15Z",
        "apa_citation": "Two Arrested, Over 6 Kgs of Ganja Seized in Major Anti-<b>Drug</b> Operation by PS <b>Crime</b> .... (2025-02-14T15:30:15Z). [Blog post]. Recuperado de https://www.google.com/url?rct=j&sa=t&url=https://nicobartimes.com/local-news/two-arrested-over-6-kgs-of-ganja-seized-in-major-anti-drug-operation-by-ps-crime-economic-offence/&ct=ga&cd=CAIyHGYwOWFmMmIxMDM5NTk3Nzc6Y29tOmVzOlVTOkw&usg=AOvVaw0aCJgT63YrT3LYBbbAkUWB"
      },
      "geometry": {
        "type": "Point",
        "coordinates": [
          24.8656121,
          60.1595766
        ]
      }
    },
    {
      "type": "Feature",
      "properties": {
        "title": "20 charged in Northeast Ohio <b>drug</b> ring <b>linked</b> to Cartel - Yahoo",
        "description": "**20 charged in Northeast Ohio <b>drug</b> ring <b>linked</b> to Cartel - Yahoo**\n\n... bank jugging' vehicle burglaries,” the department stated in a news release. “Bank jugging” describes the practice of criminals sitting in bank […].\n\n[[https://www.google.com/url?rct=j&sa=t&url=https://www.yahoo.com/news/20-charged-northeast-ohio-drug-193017235.html&ct=ga&cd=CAIyHGYwOWFmMmIxMDM5NTk3Nzc6Y29tOmVzOlVTOkw&usg=AOvVaw3cVjk6-bhqBb1MwRJJFDdi|Ver la fuente]]",
        "published": "2025-02-14T01:21:49Z",
        "apa_citation": "20 charged in Northeast Ohio <b>drug</b> ring <b>linked</b> to Cartel - Yahoo. (2025-02-14T01:21:49Z). [Blog post]. Recuperado de https://www.google.com/url?rct=j&sa=t&url=https://www.yahoo.com/news/20-charged-northeast-ohio-drug-193017235.html&ct=ga&cd=CAIyHGYwOWFmMmIxMDM5NTk3Nzc6Y29tOmVzOlVTOkw&usg=AOvVaw3cVjk6-bhqBb1MwRJJFDdi"
      },
      "geometry": {
        "type": "Point",
        "coordinates": [
          -81.24559718478912,
          41.1038891
        ]
      }
    },
    {
      "type": "Feature",
      "properties": {
        "title": "St. Tammany Parish Man Sentenced for <b>Fentanyl</b> Distribution Conspiracy",
        "description": "**St. Tammany Parish Man Sentenced for <b>Fentanyl</b> Distribution Conspiracy**\n\nAccording to court documents, CYPRIAN sold <b>fentanyl</b> pills to an undercover agent on September 8, 2023. CYPRIAN met the undercover agent in Covington&nbsp;...\n\n[[https://www.google.com/url?rct=j&sa=t&url=https://www.justice.gov/usao-edla/pr/st-tammany-parish-man-sentenced-fentanyl-distribution-conspiracy&ct=ga&cd=CAIyHGY4NDBjNzU4ODBkMWY3Yjc6Y29tOmVzOlVTOkw&usg=AOvVaw345L4jD0innAWikMlsB9bC|Ver la fuente]]",
        "published": "2025-02-14T19:01:37Z",
        "apa_citation": "St. Tammany Parish Man Sentenced for <b>Fentanyl</b> Distribution Conspiracy. (2025-02-14T19:01:37Z). [Blog post]. Recuperado de https://www.google.com/url?rct=j&sa=t&url=https://www.justice.gov/usao-edla/pr/st-tammany-parish-man-sentenced-fentanyl-distribution-conspiracy&ct=ga&cd=CAIyHGY4NDBjNzU4ODBkMWY3Yjc6Y29tOmVzOlVTOkw&usg=AOvVaw345L4jD0innAWikMlsB9bC"
      },
      "geometry": {
        "type": "Point",
        "coordinates": [
          -84.5107548,
          39.0831712
        ]
      }
    },
    {
      "type": "Feature",
      "properties": {
        "title": "<b>Fentanyl</b> from Canada seized by U.S. border agents in Seattle - CTV News",
        "description": "**<b>Fentanyl</b> from Canada seized by U.S. border agents in Seattle - CTV News**\n\nA package containing more than a pound of <b>fentanyl</b> from Canada has been seized by customs officials at a shipping facility in the port of Seattle,&nbsp;...\n\n[[https://www.google.com/url?rct=j&sa=t&url=https://www.ctvnews.ca/vancouver/article/fentanyl-from-canada-seized-by-us-border-agents-in-seattle/&ct=ga&cd=CAIyHGY4NDBjNzU4ODBkMWY3Yjc6Y29tOmVzOlVTOkw&usg=AOvVaw1axvcCek5LmrW-FrGGaaVj|Ver la fuente]]",
        "published": "2025-02-14T17:57:54Z",
        "apa_citation": "<b>Fentanyl</b> from Canada seized by U.S. border agents in Seattle - CTV News. (2025-02-14T17:57:54Z). [Blog post]. Recuperado de https://www.google.com/url?rct=j&sa=t&url=https://www.ctvnews.ca/vancouver/article/fentanyl-from-canada-seized-by-us-border-agents-in-seattle/&ct=ga&cd=CAIyHGY4NDBjNzU4ODBkMWY3Yjc6Y29tOmVzOlVTOkw&usg=AOvVaw1axvcCek5LmrW-FrGGaaVj"
      },
      "geometry": {
        "type": "Point",
        "coordinates": [
          -122.330062,
          47.6038321
        ]
      }
    },
    {
      "type": "Feature",
      "properties": {
        "title": "Pennsylvania man sentenced for attempting to sell <b>fentanyl</b> in Clarksburg - WDTV",
        "description": "**Pennsylvania man sentenced for attempting to sell <b>fentanyl</b> in Clarksburg - WDTV**\n\nJo-El Torres, 40, of&nbsp;...\n\n[[https://www.google.com/url?rct=j&sa=t&url=https://www.wdtv.com/2025/02/14/pennsylvania-man-sentenced-attempting-sell-fentanyl-clarksburg/&ct=ga&cd=CAIyHGY4NDBjNzU4ODBkMWY3Yjc6Y29tOmVzOlVTOkw&usg=AOvVaw1nlLuUM9VfowcKbAe-NU1N|Ver la fuente]]",
        "published": "2025-02-14T16:58:04Z",
        "apa_citation": "Pennsylvania man sentenced for attempting to sell <b>fentanyl</b> in Clarksburg - WDTV. (2025-02-14T16:58:04Z). [Blog post]. Recuperado de https://www.google.com/url?rct=j&sa=t&url=https://www.wdtv.com/2025/02/14/pennsylvania-man-sentenced-attempting-sell-fentanyl-clarksburg/&ct=ga&cd=CAIyHGY4NDBjNzU4ODBkMWY3Yjc6Y29tOmVzOlVTOkw&usg=AOvVaw1nlLuUM9VfowcKbAe-NU1N"
      },
      "geometry": {
        "type": "Point",
        "coordinates": [
          -80.3445341,
          39.2806451
        ]
      }
    },
    {
      "type": "Feature",
      "properties": {
        "title": "Report: 46 grams of <b>fentanyl</b>, 930 grams of meth seized in Escambia County apartment search",
        "description": "**Report: 46 grams of <b>fentanyl</b>, 930 grams of meth seized in Escambia County apartment search**\n\nESCAMBIA COUNTY, Fla. -- Deputies seized a significant amount of <b>fentanyl</b>, meth, cocaine and other drugs during a search at an Escambia County&nbsp;...\n\n[[https://www.google.com/url?rct=j&sa=t&url=https://weartv.com/news/local/report-46-grams-of-fentanyl-930-grams-of-meth-seized-in-escambia-county-apartment-search&ct=ga&cd=CAIyHGY4NDBjNzU4ODBkMWY3Yjc6Y29tOmVzOlVTOkw&usg=AOvVaw2XoZCHnWZeO8Rr4LE0dIx8|Ver la fuente]]",
        "published": "2025-02-14T16:52:07Z",
        "apa_citation": "Report: 46 grams of <b>fentanyl</b>, 930 grams of meth seized in Escambia County apartment search. (2025-02-14T16:52:07Z). [Blog post]. Recuperado de https://www.google.com/url?rct=j&sa=t&url=https://weartv.com/news/local/report-46-grams-of-fentanyl-930-grams-of-meth-seized-in-escambia-county-apartment-search&ct=ga&cd=CAIyHGY4NDBjNzU4ODBkMWY3Yjc6Y29tOmVzOlVTOkw&usg=AOvVaw2XoZCHnWZeO8Rr4LE0dIx8"
      },
      "geometry": {
        "type": "Point",
        "coordinates": [
          -87.3451089,
          30.6625885
        ]
      }
    },
    {
      "type": "Feature",
      "properties": {
        "title": "How <b>fentanyl</b> is detected at US-Mexico Border | VOA News - YouTube",
        "description": "**How <b>fentanyl</b> is detected at US-Mexico Border | VOA News - YouTube**\n\nThe Trump administration is getting Mexico's assistance in stemming the flow of <b>fentanyl</b> across its border. Last year, high-tech scanners were&nbsp;...\n\n[[https://www.google.com/url?rct=j&sa=t&url=https://www.youtube.com/watch%3Fv%3D4KvSSdwXM7I&ct=ga&cd=CAIyHGY4NDBjNzU4ODBkMWY3Yjc6Y29tOmVzOlVTOkw&usg=AOvVaw3r2oeZqBoBwOzJghgLYp41|Ver la fuente]]",
        "published": "2025-02-14T16:23:43Z",
        "apa_citation": "How <b>fentanyl</b> is detected at US-Mexico Border | VOA News - YouTube. (2025-02-14T16:23:43Z). [Blog post]. Recuperado de https://www.google.com/url?rct=j&sa=t&url=https://www.youtube.com/watch%3Fv%3D4KvSSdwXM7I&ct=ga&cd=CAIyHGY4NDBjNzU4ODBkMWY3Yjc6Y29tOmVzOlVTOkw&usg=AOvVaw3r2oeZqBoBwOzJghgLYp41"
      },
      "geometry": {
        "type": "Point",
        "coordinates": [
          -100.445882,
          39.7837304
        ]
      }
    },
    {
      "type": "Feature",
      "properties": {
        "title": "Gang Leader Sentenced to More Than 11 Years in Prison for <b>Trafficking</b> ... - State Affairs",
        "description": "**Gang Leader Sentenced to More Than 11 Years in Prison for <b>Trafficking</b> ... - State Affairs**\n\nGang Leader Sentenced to More Than 11 Years in Prison for <b>Trafficking</b> Methamphetamine Pills and <b>Fentanyl</b> &middot; Already a subscriber? &middot; Insiders read State&nbsp;...\n\n[[https://www.google.com/url?rct=j&sa=t&url=https://stateaffairs.com/pro/massachusetts/news/gang-leader-sentenced-to-more-than-11-years-in-prison-for-trafficking-methamphetamine-pills-and-fentanyl/&ct=ga&cd=CAIyHDUyMzBkOTY4N2E5ODAzMDA6Y29tOmVzOlVTOkw&usg=AOvVaw1EbO9Xpsh-uDwi9qsBu3Qt|Ver la fuente]]",
        "published": "2025-02-14T21:08:27Z",
        "apa_citation": "Gang Leader Sentenced to More Than 11 Years in Prison for <b>Trafficking</b> ... - State Affairs. (2025-02-14T21:08:27Z). [Blog post]. Recuperado de https://www.google.com/url?rct=j&sa=t&url=https://stateaffairs.com/pro/massachusetts/news/gang-leader-sentenced-to-more-than-11-years-in-prison-for-trafficking-methamphetamine-pills-and-fentanyl/&ct=ga&cd=CAIyHDUyMzBkOTY4N2E5ODAzMDA6Y29tOmVzOlVTOkw&usg=AOvVaw1EbO9Xpsh-uDwi9qsBu3Qt"
      },
      "geometry": {
        "type": "Point",
        "coordinates": [
          32.6276834,
          0.3181823
        ]
      }
    },
    {
      "type": "Feature",
      "properties": {
        "title": "Father, daughter accused of <b>trafficking</b> drugs in Baton Rouge area - WAFB",
        "description": "**Father, daughter accused of <b>trafficking</b> drugs in Baton Rouge area - WAFB**\n\nFather, daughter&nbsp;...\n\n[[https://www.google.com/url?rct=j&sa=t&url=https://www.wafb.com/2025/02/14/father-daughter-accused-trafficking-drugs-baton-rouge-area/&ct=ga&cd=CAIyHDUyMzBkOTY4N2E5ODAzMDA6Y29tOmVzOlVTOkw&usg=AOvVaw3zL5i1EK1JQ_f1y_nIaedQ|Ver la fuente]]",
        "published": "2025-02-14T20:15:00Z",
        "apa_citation": "Father, daughter accused of <b>trafficking</b> drugs in Baton Rouge area - WAFB. (2025-02-14T20:15:00Z). [Blog post]. Recuperado de https://www.google.com/url?rct=j&sa=t&url=https://www.wafb.com/2025/02/14/father-daughter-accused-trafficking-drugs-baton-rouge-area/&ct=ga&cd=CAIyHDUyMzBkOTY4N2E5ODAzMDA6Y29tOmVzOlVTOkw&usg=AOvVaw3zL5i1EK1JQ_f1y_nIaedQ"
      },
      "geometry": {
        "type": "Point",
        "coordinates": [
          -91.1869659,
          30.4494155
        ]
      }
    },
    {
      "type": "Feature",
      "properties": {
        "title": "Midland DTO Leader Sentenced to Life in Federal Prison - DEA.gov",
        "description": "**Midland DTO Leader Sentenced to Life in Federal Prison - DEA.gov**\n\n... <b>trafficking</b> organization tied to a Mexican cartel. According to court ... <b>fentanyl</b> “M30” pills for distribution purposes. Castillo-Lopez also&nbsp;...\n\n[[https://www.google.com/url?rct=j&sa=t&url=https://www.dea.gov/press-releases/2025/02/14/midland-dto-leader-sentenced-life-federal-prison&ct=ga&cd=CAIyHDUyMzBkOTY4N2E5ODAzMDA6Y29tOmVzOlVTOkw&usg=AOvVaw0a-7kMaIUnaAl2BZ7xVnf8|Ver la fuente]]",
        "published": "2025-02-14T18:41:22Z",
        "apa_citation": "Midland DTO Leader Sentenced to Life in Federal Prison - DEA.gov. (2025-02-14T18:41:22Z). [Blog post]. Recuperado de https://www.google.com/url?rct=j&sa=t&url=https://www.dea.gov/press-releases/2025/02/14/midland-dto-leader-sentenced-life-federal-prison&ct=ga&cd=CAIyHDUyMzBkOTY4N2E5ODAzMDA6Y29tOmVzOlVTOkw&usg=AOvVaw0a-7kMaIUnaAl2BZ7xVnf8"
      },
      "geometry": {
        "type": "Point",
        "coordinates": [
          -80.6678070117965,
          37.7239563
        ]
      }
    },
    {
      "type": "Feature",
      "properties": {
        "title": "Gang Leader Sentenced to More Than 11 Years in Prison for <b>Trafficking</b> Methamphetamine ...",
        "description": "**Gang Leader Sentenced to More Than 11 Years in Prison for <b>Trafficking</b> Methamphetamine ...**\n\nGang Leader Sentenced to More Than 11 Years in Prison for <b>Trafficking</b> Methamphetamine Pills and <b>Fentanyl</b>. Friday, February 14, 2025. Share right&nbsp;...\n\n[[https://www.google.com/url?rct=j&sa=t&url=https://www.justice.gov/usao-ma/pr/gang-leader-sentenced-more-11-years-prison-trafficking-methamphetamine-pills-and&ct=ga&cd=CAIyHDUyMzBkOTY4N2E5ODAzMDA6Y29tOmVzOlVTOkw&usg=AOvVaw3TISDwVdNsGxpTrM9tUwHV|Ver la fuente]]",
        "published": "2025-02-14T18:13:38Z",
        "apa_citation": "Gang Leader Sentenced to More Than 11 Years in Prison for <b>Trafficking</b> Methamphetamine .... (2025-02-14T18:13:38Z). [Blog post]. Recuperado de https://www.google.com/url?rct=j&sa=t&url=https://www.justice.gov/usao-ma/pr/gang-leader-sentenced-more-11-years-prison-trafficking-methamphetamine-pills-and&ct=ga&cd=CAIyHDUyMzBkOTY4N2E5ODAzMDA6Y29tOmVzOlVTOkw&usg=AOvVaw3TISDwVdNsGxpTrM9tUwHV"
      },
      "geometry": {
        "type": "Point",
        "coordinates": [
          32.6276834,
          0.3181823
        ]
      }
    },
    {
      "type": "Feature",
      "properties": {
        "title": "Report: 46 grams of <b>fentanyl</b>, 930 grams of meth seized in Escambia County apartment search",
        "description": "**Report: 46 grams of <b>fentanyl</b>, 930 grams of meth seized in Escambia County apartment search**\n\nDerrell Nairn, 30, was booked into Escambia County Jail last Friday on charges of: <b>trafficking</b> methamphetamine; <b>trafficking fentanyl</b>; <b>trafficking</b>&nbsp;...\n\n[[https://www.google.com/url?rct=j&sa=t&url=https://weartv.com/news/local/report-46-grams-of-fentanyl-930-grams-of-meth-seized-in-escambia-county-apartment-search&ct=ga&cd=CAIyHDUyMzBkOTY4N2E5ODAzMDA6Y29tOmVzOlVTOkw&usg=AOvVaw2XoZCHnWZeO8Rr4LE0dIx8|Ver la fuente]]",
        "published": "2025-02-14T16:52:07Z",
        "apa_citation": "Report: 46 grams of <b>fentanyl</b>, 930 grams of meth seized in Escambia County apartment search. (2025-02-14T16:52:07Z). [Blog post]. Recuperado de https://www.google.com/url?rct=j&sa=t&url=https://weartv.com/news/local/report-46-grams-of-fentanyl-930-grams-of-meth-seized-in-escambia-county-apartment-search&ct=ga&cd=CAIyHDUyMzBkOTY4N2E5ODAzMDA6Y29tOmVzOlVTOkw&usg=AOvVaw2XoZCHnWZeO8Rr4LE0dIx8"
      },
      "geometry": {
        "type": "Point",
        "coordinates": [
          -87.3451089,
          30.6625885
        ]
      }
    },
    {
      "type": "Feature",
      "properties": {
        "title": "How Mexican cartels and Chinese criminal networks are moving 'cocaine of the sea' through ... - CBC",
        "description": "**How Mexican cartels and Chinese criminal networks are moving 'cocaine of the sea' through ... - CBC**\n\n... <b>trafficking</b>. The seven-page document says western ports are a target, and that &quot;people in Canada regularly engage in the illicit import, export&nbsp;...\n\n[[https://www.google.com/url?rct=j&sa=t&url=https://www.cbc.ca/news/canada/british-columbia/fish-bladders-traded-for-fentanyl-precursors-1.7458395&ct=ga&cd=CAIyHDUyMzBkOTY4N2E5ODAzMDA6Y29tOmVzOlVTOkw&usg=AOvVaw3sSMOzn5b6GoUU3Gmx1yeK|Ver la fuente]]",
        "published": "2025-02-14T16:36:02Z",
        "apa_citation": "How Mexican cartels and Chinese criminal networks are moving 'cocaine of the sea' through ... - CBC. (2025-02-14T16:36:02Z). [Blog post]. Recuperado de https://www.google.com/url?rct=j&sa=t&url=https://www.cbc.ca/news/canada/british-columbia/fish-bladders-traded-for-fentanyl-precursors-1.7458395&ct=ga&cd=CAIyHDUyMzBkOTY4N2E5ODAzMDA6Y29tOmVzOlVTOkw&usg=AOvVaw3sSMOzn5b6GoUU3Gmx1yeK"
      },
      "geometry": {
        "type": "Point",
        "coordinates": [
          -107.991707,
          61.0666922
        ]
      }
    },
    {
      "type": "Feature",
      "properties": {
        "title": "Lucasville drug bust nets meth, <b>fentanyl</b>, firearms; three arrested - Scioto Valley Guardian",
        "description": "**Lucasville drug bust nets meth, <b>fentanyl</b>, firearms; three arrested - Scioto Valley Guardian**\n\nLUCASVILLE, Ohio – A major drug bust in Lucasville led to the arrest of two alleged <b>traffickers</b> and the seizure of meth, <b>fentanyl</b> ... <b>trafficking</b> and&nbsp;...\n\n[[https://www.google.com/url?rct=j&sa=t&url=https://sciotovalleyguardian.com/2025/02/14/lucasville-drug-bust-nets-meth-fentanyl-firearms-three-arrested/&ct=ga&cd=CAIyHDUyMzBkOTY4N2E5ODAzMDA6Y29tOmVzOlVTOkw&usg=AOvVaw1a0FsU_WMesAJn9mInPJ-2|Ver la fuente]]",
        "published": "2025-02-14T16:04:00Z",
        "apa_citation": "Lucasville drug bust nets meth, <b>fentanyl</b>, firearms; three arrested - Scioto Valley Guardian. (2025-02-14T16:04:00Z). [Blog post]. Recuperado de https://www.google.com/url?rct=j&sa=t&url=https://sciotovalleyguardian.com/2025/02/14/lucasville-drug-bust-nets-meth-fentanyl-firearms-three-arrested/&ct=ga&cd=CAIyHDUyMzBkOTY4N2E5ODAzMDA6Y29tOmVzOlVTOkw&usg=AOvVaw1a0FsU_WMesAJn9mInPJ-2"
      },
      "geometry": {
        "type": "Point",
        "coordinates": [
          -83.00020234286708,
          38.8772335
        ]
      }
    },
    {
      "type": "Feature",
      "properties": {
        "title": "Defendant involved in two-county chase expected to plead guilty to drug charges",
        "description": "**Defendant involved in two-county chase expected to plead guilty to drug charges**\n\n... <b>fentanyl trafficking</b> operation in Virgie. Police had been tracking them through location data on Moore's cell phone. An affidavit from the state&nbsp;...\n\n[[https://www.google.com/url?rct=j&sa=t&url=https://mountain-topmedia.com/defendant-involved-in-two-county-chase-expected-to-plead-guilty-to-drug-charges/&ct=ga&cd=CAIyHDUyMzBkOTY4N2E5ODAzMDA6Y29tOmVzOlVTOkw&usg=AOvVaw3CGXyXQZV5jEfLF_vqC5af|Ver la fuente]]",
        "published": "2025-02-14T15:43:42Z",
        "apa_citation": "Defendant involved in two-county chase expected to plead guilty to drug charges. (2025-02-14T15:43:42Z). [Blog post]. Recuperado de https://www.google.com/url?rct=j&sa=t&url=https://mountain-topmedia.com/defendant-involved-in-two-county-chase-expected-to-plead-guilty-to-drug-charges/&ct=ga&cd=CAIyHDUyMzBkOTY4N2E5ODAzMDA6Y29tOmVzOlVTOkw&usg=AOvVaw3CGXyXQZV5jEfLF_vqC5af"
      },
      "geometry": {
        "type": "Point",
        "coordinates": [
          -82.5795988,
          37.3351043
        ]
      }
    },
    {
      "type": "Feature",
      "properties": {
        "title": "<b>Free</b> Tax Clinic Returns, Offering Filing Assistance for Community Members",
        "description": "**<b>Free</b> Tax Clinic Returns, Offering Filing Assistance for Community Members**\n\nThe annual <b>free</b> tax clinic is back at Cal Poly Humboldt, providing no-cost tax filing services for campus and community members earning $70000 or&nbsp;...\n\n[[https://www.google.com/url?rct=j&sa=t&url=https://now.humboldt.edu/news/free-tax-clinic-returns-offering-filing-assistance-community-members&ct=ga&cd=CAIyHGM1ZTRhOGZjZTg1MWUxMTk6Y29tOmVzOlVTOkw&usg=AOvVaw1L1uLNb5tZ2tvBXPlFBnoo|Ver la fuente]]",
        "published": "2025-02-14T18:24:50Z",
        "apa_citation": "<b>Free</b> Tax Clinic Returns, Offering Filing Assistance for Community Members. (2025-02-14T18:24:50Z). [Blog post]. Recuperado de https://www.google.com/url?rct=j&sa=t&url=https://now.humboldt.edu/news/free-tax-clinic-returns-offering-filing-assistance-community-members&ct=ga&cd=CAIyHGM1ZTRhOGZjZTg1MWUxMTk6Y29tOmVzOlVTOkw&usg=AOvVaw1L1uLNb5tZ2tvBXPlFBnoo"
      },
      "geometry": {
        "type": "Point",
        "coordinates": [
          -124.08581867173396,
          40.86782235
        ]
      }
    },
    {
      "type": "Feature",
      "properties": {
        "title": "Oregon U.S. Rep. Salinas pushes for mental <b>health care</b> in bill - Salem Reporter",
        "description": "**Oregon U.S. Rep. Salinas pushes for mental <b>health care</b> in bill - Salem Reporter**\n\nU.S. Rep. Andrea Salinas wants to set a minimum standard of three <b>free</b> behavioral health visits a year for people enrolled in Medicaid or Medicare&nbsp;...\n\n[[https://www.google.com/url?rct=j&sa=t&url=https://www.salemreporter.com/2025/02/14/oregon-u-s-rep-salinas-pushes-for-mental-health-care-in-bill/&ct=ga&cd=CAIyHGM1ZTRhOGZjZTg1MWUxMTk6Y29tOmVzOlVTOkw&usg=AOvVaw0K9bu_43pLqaVBjjaT6IDG|Ver la fuente]]",
        "published": "2025-02-14T16:41:24Z",
        "apa_citation": "Oregon U.S. Rep. Salinas pushes for mental <b>health care</b> in bill - Salem Reporter. (2025-02-14T16:41:24Z). [Blog post]. Recuperado de https://www.google.com/url?rct=j&sa=t&url=https://www.salemreporter.com/2025/02/14/oregon-u-s-rep-salinas-pushes-for-mental-health-care-in-bill/&ct=ga&cd=CAIyHGM1ZTRhOGZjZTg1MWUxMTk6Y29tOmVzOlVTOkw&usg=AOvVaw0K9bu_43pLqaVBjjaT6IDG"
      },
      "geometry": {
        "type": "Point",
        "coordinates": [
          7.7548906,
          48.6136643
        ]
      }
    },
    {
      "type": "Feature",
      "properties": {
        "title": "'Lab for All' health caravan serves Bacolodnons on Valentine's Day",
        "description": "**'Lab for All' health caravan serves Bacolodnons on Valentine's Day**\n\n... clinic in Barangay Villamonte, Bacolod City on Friday (Feb. 14, 2025). <b>Free healthcare services</b> were provided to at least 232 individuals during&nbsp;...\n\n[[https://www.google.com/url?rct=j&sa=t&url=https://www.pna.gov.ph/articles/1244118&ct=ga&cd=CAIyHDVkOWFhZjY2YjRjNTA2MzA6Y29tOmVzOlVTOkw&usg=AOvVaw0voxzfl2HxkXsA5ZBHtNsx|Ver la fuente]]",
        "published": "2025-02-14T14:49:44Z",
        "apa_citation": "'Lab for All' health caravan serves Bacolodnons on Valentine's Day. (2025-02-14T14:49:44Z). [Blog post]. Recuperado de https://www.google.com/url?rct=j&sa=t&url=https://www.pna.gov.ph/articles/1244118&ct=ga&cd=CAIyHDVkOWFhZjY2YjRjNTA2MzA6Y29tOmVzOlVTOkw&usg=AOvVaw0voxzfl2HxkXsA5ZBHtNsx"
      },
      "geometry": {
        "type": "Point",
        "coordinates": [
          122.96489429516087,
          10.668421649999999
        ]
      }
    },
    {
      "type": "Feature",
      "properties": {
        "title": "Eyebetes Foundation conducts awareness initiative on diabetes-led vision impairment at the ...",
        "description": "**Eyebetes Foundation conducts awareness initiative on diabetes-led vision impairment at the ...**\n\nLocated at Sector 23, Arail Ghat, the foundation's medical camp offers <b>healthcare services</b>, including <b>free</b> random blood sugar tests, comprehensive&nbsp;...\n\n[[https://www.google.com/url?rct=j&sa=t&url=https://www.expresshealthcare.in/news/eyebetes-foundation-conducts-awareness-initiative-on-diabetes-led-vision-impairment-at-the-maha-kumbh/448058/&ct=ga&cd=CAIyHDVkOWFhZjY2YjRjNTA2MzA6Y29tOmVzOlVTOkw&usg=AOvVaw2hNQGbMBVrLC2KTJKkHA-V|Ver la fuente]]",
        "published": "2025-02-14T11:15:37Z",
        "apa_citation": "Eyebetes Foundation conducts awareness initiative on diabetes-led vision impairment at the .... (2025-02-14T11:15:37Z). [Blog post]. Recuperado de https://www.google.com/url?rct=j&sa=t&url=https://www.expresshealthcare.in/news/eyebetes-foundation-conducts-awareness-initiative-on-diabetes-led-vision-impairment-at-the-maha-kumbh/448058/&ct=ga&cd=CAIyHDVkOWFhZjY2YjRjNTA2MzA6Y29tOmVzOlVTOkw&usg=AOvVaw2hNQGbMBVrLC2KTJKkHA-V"
      },
      "geometry": {
        "type": "Point",
        "coordinates": [
          -78.8558549,
          39.2281594
        ]
      }
    },
    {
      "type": "Feature",
      "properties": {
        "title": "A Roadmap to Address <b>Risk</b> Factors of Non-Ventilator Hospital-Acquired Pneumonia in Hospitals",
        "description": "**A Roadmap to Address <b>Risk</b> Factors of Non-Ventilator Hospital-Acquired Pneumonia in Hospitals**\n\n... rates and have not implemented prevention programs to address the harm. ... <b>risk reduction</b>. The system's low <b>cost</b> and innovative features offer a&nbsp;...\n\n[[https://www.google.com/url?rct=j&sa=t&url=https://www.infectioncontroltoday.com/view/roadmap-address-risk-factors-non-ventilator-hospital-acquired-pneumonia-hospitals&ct=ga&cd=CAIyHGZjNGE4N2JiNGNhMmFiZTQ6Y29tOmVzOlVTOkw&usg=AOvVaw0RY3erhFEk8RDoef9UfGQr|Ver la fuente]]",
        "published": "2025-02-14T16:44:24Z",
        "apa_citation": "A Roadmap to Address <b>Risk</b> Factors of Non-Ventilator Hospital-Acquired Pneumonia in Hospitals. (2025-02-14T16:44:24Z). [Blog post]. Recuperado de https://www.google.com/url?rct=j&sa=t&url=https://www.infectioncontroltoday.com/view/roadmap-address-risk-factors-non-ventilator-hospital-acquired-pneumonia-hospitals&ct=ga&cd=CAIyHGZjNGE4N2JiNGNhMmFiZTQ6Y29tOmVzOlVTOkw&usg=AOvVaw0RY3erhFEk8RDoef9UfGQr"
      },
      "geometry": {
        "type": "Point",
        "coordinates": [
          79.942386,
          6.80449985
        ]
      }
    },
    {
      "type": "Feature",
      "properties": {
        "title": "Moderna Reports Fourth Quarter and Fiscal Year 2024 Financial Results and Provides ...",
        "description": "**Moderna Reports Fourth Quarter and Fiscal Year 2024 Financial Results and Provides ...**\n\nDespite the overall <b>reduction</b> in <b>cost</b> of sales, <b>cost</b> of sales as a ... <b>Risk</b> Factors” in Moderna's Annual Report on Form 10-K for the fiscal&nbsp;...\n\n[[https://www.google.com/url?rct=j&sa=t&url=https://www.biospace.com/press-releases/moderna-reports-fourth-quarter-and-fiscal-year-2024-financial-results-and-provides-business-updates&ct=ga&cd=CAIyHGZjNGE4N2JiNGNhMmFiZTQ6Y29tOmVzOlVTOkw&usg=AOvVaw1wxY3OTJk1H4reKsKnY1GM|Ver la fuente]]",
        "published": "2025-02-14T13:20:46Z",
        "apa_citation": "Moderna Reports Fourth Quarter and Fiscal Year 2024 Financial Results and Provides .... (2025-02-14T13:20:46Z). [Blog post]. Recuperado de https://www.google.com/url?rct=j&sa=t&url=https://www.biospace.com/press-releases/moderna-reports-fourth-quarter-and-fiscal-year-2024-financial-results-and-provides-business-updates&ct=ga&cd=CAIyHGZjNGE4N2JiNGNhMmFiZTQ6Y29tOmVzOlVTOkw&usg=AOvVaw1wxY3OTJk1H4reKsKnY1GM"
      },
      "geometry": {
        "type": "Point",
        "coordinates": [
          -37.4119237,
          -8.4321986
        ]
      }
    },
    {
      "type": "Feature",
      "properties": {
        "title": "A Victory For THR in Canada - The Proposed Vape Flavour Ban is Put on Hold",
        "description": "**A Victory For THR in Canada - The Proposed Vape Flavour Ban is Put on Hold**\n\n... <b>harm reduction policies</b>. In ... Sweanor predicts that, in hindsight, governments will regret delaying the adoption of <b>harm reduction strategies</b>.\n\n[[https://www.google.com/url?rct=j&sa=t&url=https://www.vapingpost.com/2025/02/14/a-victory-for-thr-in-canada-the-proposed-vape-flavour-ban-is-put-on-hold/&ct=ga&cd=CAIyHDQyNmNlMTVlYjNmOTUwYWQ6Y29tOmVzOlVTOkw&usg=AOvVaw19NpPa3Eldr6BMJ5DCYS-x|Ver la fuente]]",
        "published": "2025-02-14T18:29:23Z",
        "apa_citation": "A Victory For THR in Canada - The Proposed Vape Flavour Ban is Put on Hold. (2025-02-14T18:29:23Z). [Blog post]. Recuperado de https://www.google.com/url?rct=j&sa=t&url=https://www.vapingpost.com/2025/02/14/a-victory-for-thr-in-canada-the-proposed-vape-flavour-ban-is-put-on-hold/&ct=ga&cd=CAIyHDQyNmNlMTVlYjNmOTUwYWQ6Y29tOmVzOlVTOkw&usg=AOvVaw19NpPa3Eldr6BMJ5DCYS-x"
      },
      "geometry": {
        "type": "Point",
        "coordinates": [
          -107.991707,
          61.0666922
        ]
      }
    },
    {
      "type": "Feature",
      "properties": {
        "title": "NYC health department warns of possible exposure to <b>Hepatitis A</b> at Manhattan restaurant",
        "description": "**NYC health department warns of possible exposure to <b>Hepatitis A</b> at Manhattan restaurant**\n\n... a <b>Hep A vaccination</b>. Additionally, anyone who ate at the restaurant from Jan. 17 through Feb. 9 should monitor for sympto...\n\n[[https://www.google.com/url?rct=j&sa=t&url=https://www.msn.com/en-us/health/other/nyc-health-department-warns-of-possible-exposure-to-hepatitis-a-at-manhattan-restaurant/ar-AA1z44We&ct=ga&cd=CAIyHDhiZWQ2MzNjOTYwYzk4MjY6Y29tOmVzOlVTOkw&usg=AOvVaw2WiRSbeveKLcTi9I7vUkmH|Ver la fuente]]",
        "published": "2025-02-14T17:14:58Z",
        "apa_citation": "NYC health department warns of possible exposure to <b>Hepatitis A</b> at Manhattan restaurant. (2025-02-14T17:14:58Z). [Blog post]. Recuperado de https://www.google.com/url?rct=j&sa=t&url=https://www.msn.com/en-us/health/other/nyc-health-department-warns-of-possible-exposure-to-hepatitis-a-at-manhattan-restaurant/ar-AA1z44We&ct=ga&cd=CAIyHDhiZWQ2MzNjOTYwYzk4MjY6Y29tOmVzOlVTOkw&usg=AOvVaw2WiRSbeveKLcTi9I7vUkmH"
      },
      "geometry": {
        "type": "Point",
        "coordinates": [
          -73.9598939,
          40.7896239
        ]
      }
    },
    {
      "type": "Feature",
      "properties": {
        "title": "NYC Health Dept. warns of possible <b>hepatitis A</b> exposure at Manhattan restaurant - MSN",
        "description": "**NYC Health Dept. warns of possible <b>hepatitis A</b> exposure at Manhattan restaurant - MSN**\n\n... a <b>hepatitis A vaccine</b>, if they were not previously vaccinated. The health...\n\n[[https://www.google.com/url?rct=j&sa=t&url=https://www.msn.com/en-us/health/other/nyc-health-dept-warns-of-possible-hepatitis-a-exposure-at-manhattan-restaurant/ar-AA1z4ccl&ct=ga&cd=CAIyHDhiZWQ2MzNjOTYwYzk4MjY6Y29tOmVzOlVTOkw&usg=AOvVaw15Jf2K9Q3n5y8N3qrzJeDV|Ver la fuente]]",
        "published": "2025-02-14T16:45:00Z",
        "apa_citation": "NYC Health Dept. warns of possible <b>hepatitis A</b> exposure at Manhattan restaurant - MSN. (2025-02-14T16:45:00Z). [Blog post]. Recuperado de https://www.google.com/url?rct=j&sa=t&url=https://www.msn.com/en-us/health/other/nyc-health-dept-warns-of-possible-hepatitis-a-exposure-at-manhattan-restaurant/ar-AA1z4ccl&ct=ga&cd=CAIyHDhiZWQ2MzNjOTYwYzk4MjY6Y29tOmVzOlVTOkw&usg=AOvVaw15Jf2K9Q3n5y8N3qrzJeDV"
      },
      "geometry": {
        "type": "Point",
        "coordinates": [
          -73.9598939,
          40.7896239
        ]
      }
    },
    {
      "type": "Feature",
      "properties": {
        "title": "<b>Preventing HIV</b> in women in Africa - PubMed",
        "description": "**<b>Preventing HIV</b> in women in Africa - PubMed**\n\nAffiliations &middot; Liverpool School of Tropical Medicine, Liverpool, UK. &middot; Centre for Sexual Health and <b>HIV AIDS</b> Research (CeSHHAR) Zimbabwe, Harare,&nbsp;...\n\n[[https://www.google.com/url?rct=j&sa=t&url=https://pubmed.ncbi.nlm.nih.gov/39948405/&ct=ga&cd=CAIyHGNhZjE3OWU5MmI1NDRmZmM6Y29tOmVzOlVTOkw&usg=AOvVaw2lPM8Q7CzY6-ruOsxlgVg1|Ver la fuente]]",
        "published": "2025-02-14T16:49:07Z",
        "apa_citation": "<b>Preventing HIV</b> in women in Africa - PubMed. (2025-02-14T16:49:07Z). [Blog post]. Recuperado de https://www.google.com/url?rct=j&sa=t&url=https://pubmed.ncbi.nlm.nih.gov/39948405/&ct=ga&cd=CAIyHGNhZjE3OWU5MmI1NDRmZmM6Y29tOmVzOlVTOkw&usg=AOvVaw2lPM8Q7CzY6-ruOsxlgVg1"
      },
      "geometry": {
        "type": "Point",
        "coordinates": [
          17.7578122,
          11.5024338
        ]
      }
    },
    {
      "type": "Feature",
      "properties": {
        "title": "Youth in Ohangwena receive <b>HIV prevention</b> education - Namibia Economist",
        "description": "**Youth in Ohangwena receive <b>HIV prevention</b> education - Namibia Economist**\n\nYoung people in the Ohangwena region recently benefited from educational <b>HIV prevention</b> sessions organized by the iBreakFree team. The One Economy&nbsp;...\n\n[[https://www.google.com/url?rct=j&sa=t&url=https://economist.com.na/95386/education/youth-in-ohangwena-receive-hiv-prevention-education/&ct=ga&cd=CAIyHGNhZjE3OWU5MmI1NDRmZmM6Y29tOmVzOlVTOkw&usg=AOvVaw33XpEAcHOVQ4xfTNxszisC|Ver la fuente]]",
        "published": "2025-02-14T13:19:21Z",
        "apa_citation": "Youth in Ohangwena receive <b>HIV prevention</b> education - Namibia Economist. (2025-02-14T13:19:21Z). [Blog post]. Recuperado de https://www.google.com/url?rct=j&sa=t&url=https://economist.com.na/95386/education/youth-in-ohangwena-receive-hiv-prevention-education/&ct=ga&cd=CAIyHGNhZjE3OWU5MmI1NDRmZmM6Y29tOmVzOlVTOkw&usg=AOvVaw33XpEAcHOVQ4xfTNxszisC"
      },
      "geometry": {
        "type": "Point",
        "coordinates": [
          16.7737955,
          -17.5877369
        ]
      }
    },
    {
      "type": "Feature",
      "properties": {
        "title": "UNAIDS urges countries to invest in <b>HIV prevention</b> as key to ending AIDS - ReliefWeb",
        "description": "**UNAIDS urges countries to invest in <b>HIV prevention</b> as key to ending AIDS - ReliefWeb**\n\nNews and Press Release in English on World about <b>HIV</b>/<b>Aids</b>; published on 13 Feb 2025 by UNAIDS.\n\n[[https://www.google.com/url?rct=j&sa=t&url=https://reliefweb.int/report/world/unaids-urges-countries-invest-hiv-prevention-key-ending-aids&ct=ga&cd=CAIyHGNhZjE3OWU5MmI1NDRmZmM6Y29tOmVzOlVTOkw&usg=AOvVaw2y6Ob29_lh1lyfPdTU-yeN|Ver la fuente]]",
        "published": "2025-02-14T12:55:08Z",
        "apa_citation": "UNAIDS urges countries to invest in <b>HIV prevention</b> as key to ending AIDS - ReliefWeb. (2025-02-14T12:55:08Z). [Blog post]. Recuperado de https://www.google.com/url?rct=j&sa=t&url=https://reliefweb.int/report/world/unaids-urges-countries-invest-hiv-prevention-key-ending-aids&ct=ga&cd=CAIyHGNhZjE3OWU5MmI1NDRmZmM6Y29tOmVzOlVTOkw&usg=AOvVaw2y6Ob29_lh1lyfPdTU-yeN"
      },
      "geometry": {
        "type": "Point",
        "coordinates": [
          -86.4641498,
          38.3345045
        ]
      }
    },
    {
      "type": "Feature",
      "properties": {
        "title": "Commission on Limits <b>of</b> Continental Shelf to Hold Sixty-Third Session at Headquarters, 17 ...",
        "description": "**Commission on Limits <b>of</b> Continental Shelf to Hold Sixty-Third Session at Headquarters, 17 ...**\n\n... <b>of</b> States that are parties to a land or maritime dispute, or application <b>of</b> other parts <b>of</b> the Convention or any other <b>treaties</b>. The limits <b>of</b> the&nbsp;...\n\n[[https://www.google.com/url?rct=j&sa=t&url=https://press.un.org/en/2025/sea2206.doc.htm&ct=ga&cd=CAIyHDMwMDM3MDVmOTAzOGM1Zjk6Y29tOmVzOlVTOkw&usg=AOvVaw05mK7BGwvSPipGZaKmJ_IY|Ver la fuente]]",
        "published": "2025-02-14T18:08:41Z",
        "apa_citation": "Commission on Limits <b>of</b> Continental Shelf to Hold Sixty-Third Session at Headquarters, 17 .... (2025-02-14T18:08:41Z). [Blog post]. Recuperado de https://www.google.com/url?rct=j&sa=t&url=https://press.un.org/en/2025/sea2206.doc.htm&ct=ga&cd=CAIyHDMwMDM3MDVmOTAzOGM1Zjk6Y29tOmVzOlVTOkw&usg=AOvVaw05mK7BGwvSPipGZaKmJ_IY"
      },
      "geometry": {
        "type": "Point",
        "coordinates": [
          -110.73540409339202,
          43.70472605
        ]
      }
    },
    {
      "type": "Feature",
      "properties": {
        "title": "Pregnant and using <b>cannabis</b>? New study warns of lower birth weight - Planet Detroit",
        "description": "**Pregnant and using <b>cannabis</b>? New study warns of lower birth weight - Planet Detroit**\n\nResearchers noted an earlier study showing cannabis use by pregnant women in Michigan doubled from 2007 to 2017. <b>Medical marijuana</b> use has been <b>legal</b>&nbsp;...\n\n[[https://www.google.com/url?rct=j&sa=t&url=https://planetdetroit.org/2025/02/cannabis-use-pregnant-women/&ct=ga&cd=CAIyHGVkYTE1YzUzMDgzNmNhNGM6Y29tOmVzOlVTOkw&usg=AOvVaw25J0e-Af9OLvNzz1giTEgu|Ver la fuente]]",
        "published": "2025-02-14T19:02:16Z",
        "apa_citation": "Pregnant and using <b>cannabis</b>? New study warns of lower birth weight - Planet Detroit. (2025-02-14T19:02:16Z). [Blog post]. Recuperado de https://www.google.com/url?rct=j&sa=t&url=https://planetdetroit.org/2025/02/cannabis-use-pregnant-women/&ct=ga&cd=CAIyHGVkYTE1YzUzMDgzNmNhNGM6Y29tOmVzOlVTOkw&usg=AOvVaw25J0e-Af9OLvNzz1giTEgu"
      },
      "geometry": {
        "type": "Point",
        "coordinates": [
          -84.6824346,
          43.6211955
        ]
      }
    },
    {
      "type": "Feature",
      "properties": {
        "title": "Phoenix-area <b>weed</b> dispensaries that deliver across the Valley",
        "description": "**Phoenix-area <b>weed</b> dispensaries that deliver across the Valley**\n\n<b>Weed</b> delivery has been <b>legal</b> in Arizona since November, and dispensaries like JARS and Curaleaf will bring your <b>weed</b> to you.\n\n[[https://www.google.com/url?rct=j&sa=t&url=https://www.phoenixnewtimes.com/marijuana/phoenix-weed-dispensaries-that-deliver-across-the-valley-21204688&ct=ga&cd=CAIyHGVkYTE1YzUzMDgzNmNhNGM6Y29tOmVzOlVTOkw&usg=AOvVaw2a5W0FfcnfdRHDuRmpQTCM|Ver la fuente]]",
        "published": "2025-02-14T15:55:09Z",
        "apa_citation": "Phoenix-area <b>weed</b> dispensaries that deliver across the Valley. (2025-02-14T15:55:09Z). [Blog post]. Recuperado de https://www.google.com/url?rct=j&sa=t&url=https://www.phoenixnewtimes.com/marijuana/phoenix-weed-dispensaries-that-deliver-across-the-valley-21204688&ct=ga&cd=CAIyHGVkYTE1YzUzMDgzNmNhNGM6Y29tOmVzOlVTOkw&usg=AOvVaw2a5W0FfcnfdRHDuRmpQTCM"
      },
      "geometry": {
        "type": "Point",
        "coordinates": [
          -111.763275,
          34.395342
        ]
      }
    },
    {
      "type": "Feature",
      "properties": {
        "title": "Former envoy Sandhu lauds Trump's decision to extradite Tahawwur Rana - The News Mill",
        "description": "**Former envoy Sandhu lauds Trump's decision to extradite Tahawwur Rana - The News Mill**\n\n... <b>narco</b>-<b>terrorists</b> human and arms traffickers, “as well as other elements ... terrorist attack to face justice in India. He is going back to&nbsp;...\n\n[[https://www.google.com/url?rct=j&sa=t&url=https://thenewsmill.com/2025/02/people-threatening-indian-interests-need-to-watch-out-former-envoy-sandhu-lauds-trumps-decision-to-extradite-tahawwur-rana/&ct=ga&cd=CAIyHGU0NGNiNzE4YTJjMGY5MmY6Y29tOmVzOlVTOkw&usg=AOvVaw2Zhq6Iaym44S3CWdXem1tm|Ver la fuente]]",
        "published": "2025-02-14T14:43:59Z",
        "apa_citation": "Former envoy Sandhu lauds Trump's decision to extradite Tahawwur Rana - The News Mill. (2025-02-14T14:43:59Z). [Blog post]. Recuperado de https://www.google.com/url?rct=j&sa=t&url=https://thenewsmill.com/2025/02/people-threatening-indian-interests-need-to-watch-out-former-envoy-sandhu-lauds-trumps-decision-to-extradite-tahawwur-rana/&ct=ga&cd=CAIyHGU0NGNiNzE4YTJjMGY5MmY6Y29tOmVzOlVTOkw&usg=AOvVaw2Zhq6Iaym44S3CWdXem1tm"
      },
      "geometry": {
        "type": "Point",
        "coordinates": [
          78.6677428,
          22.3511148
        ]
      }
    },
    {
      "type": "Feature",
      "properties": {
        "title": "'People threatening Indian interests need to watch out': Former envoy Sandhu lauds Trump's ...",
        "description": "**'People threatening Indian interests need to watch out': Former envoy Sandhu lauds Trump's ...**\n\n... <b>narco</b>-<b>terrorists</b> human and arms traffickers, &quot;as well as other elements ... terrorist attack to face justice in India. He is going back to&nbsp;...\n\n[[https://www.google.com/url?rct=j&sa=t&url=https://www.lokmattimes.com/international/people-threatening-indian-interests-need-to-watch-out-former-envoy-sandhu-lauds-trumps-decision-to-extradite-tahawwur-rana/&ct=ga&cd=CAIyHGU0NGNiNzE4YTJjMGY5MmY6Y29tOmVzOlVTOkw&usg=AOvVaw2Mh8MBzKbt6Hgk47XnLmoF|Ver la fuente]]",
        "published": "2025-02-14T14:35:17Z",
        "apa_citation": "'People threatening Indian interests need to watch out': Former envoy Sandhu lauds Trump's .... (2025-02-14T14:35:17Z). [Blog post]. Recuperado de https://www.google.com/url?rct=j&sa=t&url=https://www.lokmattimes.com/international/people-threatening-indian-interests-need-to-watch-out-former-envoy-sandhu-lauds-trumps-decision-to-extradite-tahawwur-rana/&ct=ga&cd=CAIyHGU0NGNiNzE4YTJjMGY5MmY6Y29tOmVzOlVTOkw&usg=AOvVaw2Mh8MBzKbt6Hgk47XnLmoF"
      },
      "geometry": {
        "type": "Point",
        "coordinates": [
          78.6677428,
          22.3511148
        ]
      }
    },
    {
      "type": "Feature",
      "properties": {
        "title": "Park Services erases 'transgender' from Stonewall riot website - NBC New York",
        "description": "**Park Services erases 'transgender' from Stonewall riot website - NBC New York**\n\n'Transgender' word erased from <b>National Park Service</b> website on Stonewall riot. The monument in Greenwich Village is based in a tiny park across the&nbsp;...\n\n[[https://www.google.com/url?rct=j&sa=t&url=https://www.nbcnewyork.com/manhattan/us-park-service-erases-transgender-from-website-stonewall-riot/6149911/&ct=ga&cd=CAIyHGM0Y2YyODBiNGRkMDA5ZDE6Y29tOmVzOlVTOkw&usg=AOvVaw1mIz0oyvJOQFgMeStDR0jI|Ver la fuente]]",
        "published": "2025-02-14T17:15:47Z",
        "apa_citation": "Park Services erases 'transgender' from Stonewall riot website - NBC New York. (2025-02-14T17:15:47Z). [Blog post]. Recuperado de https://www.google.com/url?rct=j&sa=t&url=https://www.nbcnewyork.com/manhattan/us-park-service-erases-transgender-from-website-stonewall-riot/6149911/&ct=ga&cd=CAIyHGM0Y2YyODBiNGRkMDA5ZDE6Y29tOmVzOlVTOkw&usg=AOvVaw1mIz0oyvJOQFgMeStDR0jI"
      },
      "geometry": {
        "type": "Point",
        "coordinates": [
          -73.9965658,
          40.7319802
        ]
      }
    },
    {
      "type": "Feature",
      "properties": {
        "title": "Alberta car theft trends suggest <b>organized crime</b>, say police - EverythingGP",
        "description": "**Alberta car theft trends suggest <b>organized crime</b>, say police - EverythingGP**\n\nPolice in Alberta say car theft trends show sophisticated <b>organized crime</b> operations have moved from east to w...\n\n[[https://www.google.com/url?rct=j&sa=t&url=https://everythinggp.com/2025/02/14/alberta-car-theft-trends-suggest-organized-crime-say-police/&ct=ga&cd=CAIyHDBhM2Y3ZDk3YWIzYWQ5OTY6Y29tOmVzOlVTOkw&usg=AOvVaw1a32gIaWmhR8mTObWw_vot|Ver la fuente]]",
        "published": "2025-02-14T18:42:40Z",
        "apa_citation": "Alberta car theft trends suggest <b>organized crime</b>, say police - EverythingGP. (2025-02-14T18:42:40Z). [Blog post]. Recuperado de https://www.google.com/url?rct=j&sa=t&url=https://everythinggp.com/2025/02/14/alberta-car-theft-trends-suggest-organized-crime-say-police/&ct=ga&cd=CAIyHDBhM2Y3ZDk3YWIzYWQ5OTY6Y29tOmVzOlVTOkw&usg=AOvVaw1a32gIaWmhR8mTObWw_vot"
      },
      "geometry": {
        "type": "Point",
        "coordinates": [
          -115.002136,
          55.001251
        ]
      }
    },
    {
      "type": "Feature",
      "properties": {
        "title": "Tariffs, Fentanyl, and Migration: Updates on U.S.-Mexico Relations after Trump's First Month in Office",
        "description": "**Tariffs, Fentanyl, and Migration: Updates on U.S.-Mexico Relations after Trump's First Month in Office**\n\n... <b>organized crime</b> in terms of violence and what it means for Mexicans? Those are long past being alarming problems. Those are nightmare level&nbsp;...\n\n[[https://www.google.com/url?rct=j&sa=t&url=https://www.wola.org/analysis/trump-tariffs-fentanyl-migration-u-s-mexico/&ct=ga&cd=CAIyHDBhM2Y3ZDk3YWIzYWQ5OTY6Y29tOmVzOlVTOkw&usg=AOvVaw3DBcywhk4WpB6HFZYQP1L-|Ver la fuente]]",
        "published": "2025-02-14T17:25:49Z",
        "apa_citation": "Tariffs, Fentanyl, and Migration: Updates on U.S.-Mexico Relations after Trump's First Month in Office. (2025-02-14T17:25:49Z). [Blog post]. Recuperado de https://www.google.com/url?rct=j&sa=t&url=https://www.wola.org/analysis/trump-tariffs-fentanyl-migration-u-s-mexico/&ct=ga&cd=CAIyHDBhM2Y3ZDk3YWIzYWQ5OTY6Y29tOmVzOlVTOkw&usg=AOvVaw3DBcywhk4WpB6HFZYQP1L-"
      },
      "geometry": {
        "type": "Point",
        "coordinates": [
          76.92931679041169,
          43.239694799999995
        ]
      }
    },
    {
      "type": "Feature",
      "properties": {
        "title": "“There is also <b>organized crime</b> in the United States” (Claudia Sheinbaum)",
        "description": "**“There is also <b>organized crime</b> in the United States” (Claudia Sheinbaum)**\n\nMexico's president has accused the US of harboring drug cartels and American citizens of working with <b>organized crime</b> groups in Mexico,&nbsp;...\n\n[[https://www.google.com/url?rct=j&sa=t&url=https://www.theyucatantimes.com/2025/02/there-is-also-organized-crime-in-the-united-states-claudia-sheinbaum/&ct=ga&cd=CAIyHDBhM2Y3ZDk3YWIzYWQ5OTY6Y29tOmVzOlVTOkw&usg=AOvVaw3ntvsKP94KM55h6P_SF-MR|Ver la fuente]]",
        "published": "2025-02-14T16:58:00Z",
        "apa_citation": "“There is also <b>organized crime</b> in the United States” (Claudia Sheinbaum). (2025-02-14T16:58:00Z). [Blog post]. Recuperado de https://www.google.com/url?rct=j&sa=t&url=https://www.theyucatantimes.com/2025/02/there-is-also-organized-crime-in-the-united-states-claudia-sheinbaum/&ct=ga&cd=CAIyHDBhM2Y3ZDk3YWIzYWQ5OTY6Y29tOmVzOlVTOkw&usg=AOvVaw3ntvsKP94KM55h6P_SF-MR"
      },
      "geometry": {
        "type": "Point",
        "coordinates": [
          -99.1331785,
          19.4326296
        ]
      }
    },
    {
      "type": "Feature",
      "properties": {
        "title": "You Can't Deport Your Way Out of the Problem | Wilson Center",
        "description": "**You Can't Deport Your Way Out of the Problem | Wilson Center**\n\n<b>Organized Crime</b>. US Ties Its Hands in Fight Against <b>Organized Crime</b>. Posted date/time: February 7, 2025. By; Eric L. Olson. Colombia and US officials.\n\n[[https://www.google.com/url?rct=j&sa=t&url=https://www.wilsoncenter.org/blog-post/you-cant-deport-your-way-out-problem&ct=ga&cd=CAIyHDBhM2Y3ZDk3YWIzYWQ5OTY6Y29tOmVzOlVTOkw&usg=AOvVaw2FlnWxW3rjnnWaP2EhotW5|Ver la fuente]]",
        "published": "2025-02-14T14:42:20Z",
        "apa_citation": "You Can't Deport Your Way Out of the Problem | Wilson Center. (2025-02-14T14:42:20Z). [Blog post]. Recuperado de https://www.google.com/url?rct=j&sa=t&url=https://www.wilsoncenter.org/blog-post/you-cant-deport-your-way-out-problem&ct=ga&cd=CAIyHDBhM2Y3ZDk3YWIzYWQ5OTY6Y29tOmVzOlVTOkw&usg=AOvVaw2FlnWxW3rjnnWaP2EhotW5"
      },
      "geometry": {
        "type": "Point",
        "coordinates": [
          13.2275068,
          -8.8222523
        ]
      }
    },
    {
      "type": "Feature",
      "properties": {
        "title": "Australian and Philippine police help would-be victims avoid online love scams on Valentine's Day",
        "description": "**Australian and Philippine police help would-be victims avoid online love scams on Valentine's Day**\n\n... <b>Organized Crime</b> Commission and other law enforcement agencies said. Philippine authorities raided the syndicate's hideout near Manila in October&nbsp;...\n\n[[https://www.google.com/url?rct=j&sa=t&url=https://abcnews.go.com/International/wireStory/australian-philippine-police-victims-avoid-online-love-scams-118817678&ct=ga&cd=CAIyHDBhM2Y3ZDk3YWIzYWQ5OTY6Y29tOmVzOlVTOkw&usg=AOvVaw0_oOOXiRoqaSAPfy0M_du1|Ver la fuente]]",
        "published": "2025-02-14T14:31:33Z",
        "apa_citation": "Australian and Philippine police help would-be victims avoid online love scams on Valentine's Day. (2025-02-14T14:31:33Z). [Blog post]. Recuperado de https://www.google.com/url?rct=j&sa=t&url=https://abcnews.go.com/International/wireStory/australian-philippine-police-victims-avoid-online-love-scams-118817678&ct=ga&cd=CAIyHDBhM2Y3ZDk3YWIzYWQ5OTY6Y29tOmVzOlVTOkw&usg=AOvVaw0_oOOXiRoqaSAPfy0M_du1"
      },
      "geometry": {
        "type": "Point",
        "coordinates": [
          88.4170484,
          56.1674664
        ]
      }
    },
    {
      "type": "Feature",
      "properties": {
        "title": "Who Has the Edge in Ecuador's Presidential Vote? - Inter-American Dialogue",
        "description": "**Who Has the Edge in Ecuador's Presidential Vote? - Inter-American Dialogue**\n\n... <b>organized crime</b>. Lastly, a divided legislature with no majority but two ... A Latin America Advisor Q&amp;A featuring experts' views on Trinidad and&nbsp;...\n\n[[https://www.google.com/url?rct=j&sa=t&url=https://thedialogue.org/analysis/who-has-the-edge-in-ecuadors-presidential-vote/&ct=ga&cd=CAIyHDBhM2Y3ZDk3YWIzYWQ5OTY6Y29tOmVzOlVTOkw&usg=AOvVaw2HrQPuPQTfj2hWxzRkVcYU|Ver la fuente]]",
        "published": "2025-02-14T13:20:30Z",
        "apa_citation": "Who Has the Edge in Ecuador's Presidential Vote? - Inter-American Dialogue. (2025-02-14T13:20:30Z). [Blog post]. Recuperado de https://www.google.com/url?rct=j&sa=t&url=https://thedialogue.org/analysis/who-has-the-edge-in-ecuadors-presidential-vote/&ct=ga&cd=CAIyHDBhM2Y3ZDk3YWIzYWQ5OTY6Y29tOmVzOlVTOkw&usg=AOvVaw2HrQPuPQTfj2hWxzRkVcYU"
      },
      "geometry": {
        "type": "Point",
        "coordinates": [
          -79.3666965,
          -1.3397668
        ]
      }
    },
    {
      "type": "Feature",
      "properties": {
        "title": "Mayor Keefe, Chief Callahan Join Fellow Mayors and Police Chiefs at New ... - Revere Journal",
        "description": "**Mayor Keefe, Chief Callahan Join Fellow Mayors and Police Chiefs at New ... - Revere Journal**\n\n... <b>overdose prevention</b> strategies. The meeting comes as cities continue to make important progress on safety, with many seeing declines in homicides&nbsp;...\n\n[[https://www.google.com/url?rct=j&sa=t&url=http://reverejournal.com/2025/02/14/mayor-keefe-chief-callahan-join-fellow-mayors-and-police-chiefs-at-new-england-meeting-on-public-safety-effective-policing/&ct=ga&cd=CAIyHDI5NGZkYzFiNjg0Y2U2YTY6Y29tOmVzOlVTOkw&usg=AOvVaw2jvQ1MCSPu01d1l7LNuhPi|Ver la fuente]]",
        "published": "2025-02-14T20:24:02Z",
        "apa_citation": "Mayor Keefe, Chief Callahan Join Fellow Mayors and Police Chiefs at New ... - Revere Journal. (2025-02-14T20:24:02Z). [Blog post]. Recuperado de https://www.google.com/url?rct=j&sa=t&url=http://reverejournal.com/2025/02/14/mayor-keefe-chief-callahan-join-fellow-mayors-and-police-chiefs-at-new-england-meeting-on-public-safety-effective-policing/&ct=ga&cd=CAIyHDI5NGZkYzFiNjg0Y2U2YTY6Y29tOmVzOlVTOkw&usg=AOvVaw2jvQ1MCSPu01d1l7LNuhPi"
      },
      "geometry": {
        "type": "Point",
        "coordinates": [
          6.4416347,
          51.1785153
        ]
      }
    },
    {
      "type": "Feature",
      "properties": {
        "title": "Inquest to be held in April for UVic student who died of toxic-drug poisoning in residence",
        "description": "**Inquest to be held in April for UVic student who died of toxic-drug poisoning in residence**\n\nThose records showed campus security failed to administer the <b>overdose</b>-reversing drug naloxone or start CPR in a timely manner, as well as delays in&nbsp;...\n\n[[https://www.google.com/url?rct=j&sa=t&url=https://www.burnabynow.com/highlights/inquest-to-be-held-in-april-for-uvic-student-who-died-of-toxic-drug-poisoning-in-residence-10232195&ct=ga&cd=CAIyHDI5NGZkYzFiNjg0Y2U2YTY6Y29tOmVzOlVTOkw&usg=AOvVaw3c3_YmlCCckyNE5ibt_o_U|Ver la fuente]]",
        "published": "2025-02-14T14:10:20Z",
        "apa_citation": "Inquest to be held in April for UVic student who died of toxic-drug poisoning in residence. (2025-02-14T14:10:20Z). [Blog post]. Recuperado de https://www.google.com/url?rct=j&sa=t&url=https://www.burnabynow.com/highlights/inquest-to-be-held-in-april-for-uvic-student-who-died-of-toxic-drug-poisoning-in-residence-10232195&ct=ga&cd=CAIyHDI5NGZkYzFiNjg0Y2U2YTY6Y29tOmVzOlVTOkw&usg=AOvVaw3c3_YmlCCckyNE5ibt_o_U"
      },
      "geometry": {
        "type": "Point",
        "coordinates": [
          -80.2906040169782,
          35.822974925319976
        ]
      }
    },
    {
      "type": "Feature",
      "properties": {
        "title": "Man <b>sentenced</b> to life without parole for girlfriend's murder in Cobb County - 11Alive.com",
        "description": "**Man <b>sentenced</b> to life without parole for girlfriend's murder in Cobb County - 11Alive.com**\n\nA man will spend the rest of his life behind bars after being <b>convicted</b> of killing his longtime girlfriend in Marietta.\n\n[[https://www.google.com/url?rct=j&sa=t&url=https://www.11alive.com/article/news/crime/marietta-man-sentenced-life-without-parole-girlfriends-murder/85-dd41a527-b149-4253-80f0-245489b4a7cf&ct=ga&cd=CAIyHDBmNjNkM2ZiMzkyNDVkMjY6Y29tOmVzOlVTOkw&usg=AOvVaw2_ORMwiipXLb_kJl2ymNoX|Ver la fuente]]",
        "published": "2025-02-14T19:59:09Z",
        "apa_citation": "Man <b>sentenced</b> to life without parole for girlfriend's murder in Cobb County - 11Alive.com. (2025-02-14T19:59:09Z). [Blog post]. Recuperado de https://www.google.com/url?rct=j&sa=t&url=https://www.11alive.com/article/news/crime/marietta-man-sentenced-life-without-parole-girlfriends-murder/85-dd41a527-b149-4253-80f0-245489b4a7cf&ct=ga&cd=CAIyHDBmNjNkM2ZiMzkyNDVkMjY6Y29tOmVzOlVTOkw&usg=AOvVaw2_ORMwiipXLb_kJl2ymNoX"
      },
      "geometry": {
        "type": "Point",
        "coordinates": [
          -84.5732006,
          33.9373948
        ]
      }
    },
    {
      "type": "Feature",
      "properties": {
        "title": "Man <b>sentenced</b> to 17 years for deadly double shooting at Louisville Roosters - WLKY",
        "description": "**Man <b>sentenced</b> to 17 years for deadly double shooting at Louisville Roosters - WLKY**\n\n<b>Proportional</b> Sans-Serif, Monospace Sans-Serif, <b>Proportional</b> Serif ... Reitz's attorneys plan to appeal his <b>conviction</b> and <b>sentence</b>. Top Picks.\n\n[[https://www.google.com/url?rct=j&sa=t&url=https://www.wlky.com/article/man-sentenced-deadly-double-shooting-louisville-roosters/63788828&ct=ga&cd=CAIyHDBmNjNkM2ZiMzkyNDVkMjY6Y29tOmVzOlVTOkw&usg=AOvVaw2F-_TFnm1msHRu3e61v1h7|Ver la fuente]]",
        "published": "2025-02-14T11:20:52Z",
        "apa_citation": "Man <b>sentenced</b> to 17 years for deadly double shooting at Louisville Roosters - WLKY. (2025-02-14T11:20:52Z). [Blog post]. Recuperado de https://www.google.com/url?rct=j&sa=t&url=https://www.wlky.com/article/man-sentenced-deadly-double-shooting-louisville-roosters/63788828&ct=ga&cd=CAIyHDBmNjNkM2ZiMzkyNDVkMjY6Y29tOmVzOlVTOkw&usg=AOvVaw2F-_TFnm1msHRu3e61v1h7"
      },
      "geometry": {
        "type": "Point",
        "coordinates": [
          -85.6892295,
          38.1442198
        ]
      }
    },
    {
      "type": "Feature",
      "properties": {
        "title": "Biotech company testing psilocybin pill requests preemptive change in Kansas law",
        "description": "**Biotech company testing psilocybin pill requests preemptive change in Kansas law**\n\n“This bill does not decriminalize or legalize psilocybin or any other <b>psychedelic</b> substance, nor does this bill allow access to <b>drugs</b> that have not&nbsp;...\n\n[[https://www.google.com/url?rct=j&sa=t&url=https://kansasreflector.com/2025/02/14/biotech-company-testing-psilocybin-pill-requests-preemptive-change-in-kansas-law/&ct=ga&cd=CAIyHDkwNTA4NzE3MjFmYzc5MWQ6Y29tOmVzOlVTOkw&usg=AOvVaw1I_Yh3IMfRg6VlGn8_j0jQ|Ver la fuente]]",
        "published": "2025-02-14T19:09:59Z",
        "apa_citation": "Biotech company testing psilocybin pill requests preemptive change in Kansas law. (2025-02-14T19:09:59Z). [Blog post]. Recuperado de https://www.google.com/url?rct=j&sa=t&url=https://kansasreflector.com/2025/02/14/biotech-company-testing-psilocybin-pill-requests-preemptive-change-in-kansas-law/&ct=ga&cd=CAIyHDkwNTA4NzE3MjFmYzc5MWQ6Y29tOmVzOlVTOkw&usg=AOvVaw1I_Yh3IMfRg6VlGn8_j0jQ"
      },
      "geometry": {
        "type": "Point",
        "coordinates": [
          -98.5821872,
          38.27312
        ]
      }
    },
    {
      "type": "Feature",
      "properties": {
        "title": "Week in Review: February 14, 2025 - Inside CDCR",
        "description": "**Week in Review: February 14, 2025 - Inside CDCR**\n\nBy addressing these areas, the <b>program</b> fosters self-awareness, accountability, and emotional intelligence—key elements for <b>rehabilitation</b> and&nbsp;...\n\n[[https://www.google.com/url?rct=j&sa=t&url=https://www.cdcr.ca.gov/insidecdcr/2025/02/14/week-in-review-february-14-2025/&ct=ga&cd=CAIyHDY1NjcyODcyYTBmMjUwYmQ6Y29tOmVzOlVTOkw&usg=AOvVaw0kOnmJ9dNxaLpcRQ_n4Obh|Ver la fuente]]",
        "published": "2025-02-14T20:52:55Z",
        "apa_citation": "Week in Review: February 14, 2025 - Inside CDCR. (2025-02-14T20:52:55Z). [Blog post]. Recuperado de https://www.google.com/url?rct=j&sa=t&url=https://www.cdcr.ca.gov/insidecdcr/2025/02/14/week-in-review-february-14-2025/&ct=ga&cd=CAIyHDY1NjcyODcyYTBmMjUwYmQ6Y29tOmVzOlVTOkw&usg=AOvVaw0kOnmJ9dNxaLpcRQ_n4Obh"
      },
      "geometry": {
        "type": "Point",
        "coordinates": [
          -0.07225685952536995,
          51.467599449999994
        ]
      }
    },
    {
      "type": "Feature",
      "properties": {
        "title": "Thanks to cardiac <b>rehabilitation</b>, Terrie Slack envisions a Grand (Canyon) adventure",
        "description": "**Thanks to cardiac <b>rehabilitation</b>, Terrie Slack envisions a Grand (Canyon) adventure**\n\n... <b>rehab program</b> in Madison, “are great,” according to Terrie. Jared sees firsthand the difference cardiac rehab makes in the lives of heart patients.\n\n[[https://www.google.com/url?rct=j&sa=t&url=https://nortonhealthcare.com/news/thanks-to-cardiac-rehabilitation-terrie-slack-envisions-a-grand-canyon-adventure/&ct=ga&cd=CAIyHDY1NjcyODcyYTBmMjUwYmQ6Y29tOmVzOlVTOkw&usg=AOvVaw2EDmbBPVz47I96NiZsA6jE|Ver la fuente]]",
        "published": "2025-02-14T18:37:35Z",
        "apa_citation": "Thanks to cardiac <b>rehabilitation</b>, Terrie Slack envisions a Grand (Canyon) adventure. (2025-02-14T18:37:35Z). [Blog post]. Recuperado de https://www.google.com/url?rct=j&sa=t&url=https://nortonhealthcare.com/news/thanks-to-cardiac-rehabilitation-terrie-slack-envisions-a-grand-canyon-adventure/&ct=ga&cd=CAIyHDY1NjcyODcyYTBmMjUwYmQ6Y29tOmVzOlVTOkw&usg=AOvVaw2EDmbBPVz47I96NiZsA6jE"
      },
      "geometry": {
        "type": "Point",
        "coordinates": [
          -89.3837613,
          43.074761
        ]
      }
    },
    {
      "type": "Feature",
      "properties": {
        "title": "Chair of the Physical Therapy &amp; <b>Rehabilitation</b> Sciences Department / Associate/Full Professor",
        "description": "**Chair of the Physical Therapy &amp; <b>Rehabilitation</b> Sciences Department / Associate/Full Professor**\n\nIn addition, faculty and professional staff at Drexel enjoy free tuition for themselves and their dependents for Drexel degree <b>programs</b>, certification&nbsp;...\n\n[[https://www.google.com/url?rct=j&sa=t&url=https://careers.drexel.edu/en-us/job/504620/chair-of-the-physical-therapy-rehabilitation-sciences-department-associatefull-professor&ct=ga&cd=CAIyHDY1NjcyODcyYTBmMjUwYmQ6Y29tOmVzOlVTOkw&usg=AOvVaw1Dnd25NE5OL6Cb0VcD0RvO|Ver la fuente]]",
        "published": "2025-02-14T18:13:20Z",
        "apa_citation": "Chair of the Physical Therapy &amp; <b>Rehabilitation</b> Sciences Department / Associate/Full Professor. (2025-02-14T18:13:20Z). [Blog post]. Recuperado de https://www.google.com/url?rct=j&sa=t&url=https://careers.drexel.edu/en-us/job/504620/chair-of-the-physical-therapy-rehabilitation-sciences-department-associatefull-professor&ct=ga&cd=CAIyHDY1NjcyODcyYTBmMjUwYmQ6Y29tOmVzOlVTOkw&usg=AOvVaw1Dnd25NE5OL6Cb0VcD0RvO"
      },
      "geometry": {
        "type": "Point",
        "coordinates": [
          -94.6085663,
          38.4794593
        ]
      }
    },
    {
      "type": "Feature",
      "properties": {
        "title": "New project seeks to optimize <b>treatment</b> outcomes and quality of life among older adults with ...",
        "description": "**New project seeks to optimize <b>treatment</b> outcomes and quality of life among older adults with ...**\n\nAshish Deshmukh, Ph.D., co-leader of the Cancer Prevention and Control research <b>program</b> at Hollings, whose research focuses on HPV-related cancers,&nbsp;...\n\n[[https://www.google.com/url?rct=j&sa=t&url=https://web.musc.edu/about/news-center/2025/02/14/optimize-treatment-outcomes-and-quality-of-life-older-adults-hpv-related-oropharyngeal-cancer&ct=ga&cd=CAIyHDY1NjcyODcyYTBmMjUwYmQ6Y29tOmVzOlVTOkw&usg=AOvVaw1ZnFI4mO4-Iau5WrjR6DRz|Ver la fuente]]",
        "published": "2025-02-14T16:46:42Z",
        "apa_citation": "New project seeks to optimize <b>treatment</b> outcomes and quality of life among older adults with .... (2025-02-14T16:46:42Z). [Blog post]. Recuperado de https://www.google.com/url?rct=j&sa=t&url=https://web.musc.edu/about/news-center/2025/02/14/optimize-treatment-outcomes-and-quality-of-life-older-adults-hpv-related-oropharyngeal-cancer&ct=ga&cd=CAIyHDY1NjcyODcyYTBmMjUwYmQ6Y29tOmVzOlVTOkw&usg=AOvVaw1ZnFI4mO4-Iau5WrjR6DRz"
      },
      "geometry": {
        "type": "Point",
        "coordinates": [
          -2.744752225846782,
          53.72019925106188
        ]
      }
    },
    {
      "type": "Feature",
      "properties": {
        "title": "Press release: Guardians camp medical update 1.0 - MLB.com",
        "description": "**Press release: Guardians camp medical update 1.0 - MLB.com**\n\nHe is progressing through his post-operative <b>rehab program</b> as scheduled and is likely to begin a return to throw progression in March. The timeframe&nbsp;...\n\n[[https://www.google.com/url?rct=j&sa=t&url=https://www.mlb.com/news/press-release-guardians-camp-medical-update-1-0&ct=ga&cd=CAIyHDY1NjcyODcyYTBmMjUwYmQ6Y29tOmVzOlVTOkw&usg=AOvVaw3Z0aIYgdmHfv9oNnjzbuwM|Ver la fuente]]",
        "published": "2025-02-14T16:11:18Z",
        "apa_citation": "Press release: Guardians camp medical update 1.0 - MLB.com. (2025-02-14T16:11:18Z). [Blog post]. Recuperado de https://www.google.com/url?rct=j&sa=t&url=https://www.mlb.com/news/press-release-guardians-camp-medical-update-1-0&ct=ga&cd=CAIyHDY1NjcyODcyYTBmMjUwYmQ6Y29tOmVzOlVTOkw&usg=AOvVaw3Z0aIYgdmHfv9oNnjzbuwM"
      },
      "geometry": {
        "type": "Point",
        "coordinates": [
          17.3094202,
          49.3597062
        ]
      }
    },
    {
      "type": "Feature",
      "properties": {
        "title": "KSrelief Completes Three Medical Volunteer <b>Programs</b> in Damascus",
        "description": "**KSrelief Completes Three Medical Volunteer <b>Programs</b> in Damascus**\n\nThe <b>programs</b>, carried out by volunteers from various medical specialties, included cochlear implants, auditory <b>rehabilitation</b>, pediatric oncology&nbsp;...\n\n[[https://www.google.com/url?rct=j&sa=t&url=https://www.spa.gov.sa/en/N2261751&ct=ga&cd=CAIyHDY1NjcyODcyYTBmMjUwYmQ6Y29tOmVzOlVTOkw&usg=AOvVaw3_lyKDLy3cqzf7VwXQXrPn|Ver la fuente]]",
        "published": "2025-02-14T15:42:05Z",
        "apa_citation": "KSrelief Completes Three Medical Volunteer <b>Programs</b> in Damascus. (2025-02-14T15:42:05Z). [Blog post]. Recuperado de https://www.google.com/url?rct=j&sa=t&url=https://www.spa.gov.sa/en/N2261751&ct=ga&cd=CAIyHDY1NjcyODcyYTBmMjUwYmQ6Y29tOmVzOlVTOkw&usg=AOvVaw3_lyKDLy3cqzf7VwXQXrPn"
      },
      "geometry": {
        "type": "Point",
        "coordinates": [
          -81.9120632,
          36.4392847
        ]
      }
    },
    {
      "type": "Feature",
      "properties": {
        "title": "Salvation Army returns to Waukesha with new thrift store opening today - TMJ4",
        "description": "**Salvation Army returns to Waukesha with new thrift store opening today - TMJ4**\n\nBluemound Road in Waukesha. All purchases directly support the Salvation Army's <b>programs</b> and services at the Adult <b>Rehabilitation</b> Center in Milwaukee.\n\n[[https://www.google.com/url?rct=j&sa=t&url=https://www.tmj4.com/news/waukesha-county/salvation-army-returns-to-waukesha-with-new-thrift-store-opening-today&ct=ga&cd=CAIyHDY1NjcyODcyYTBmMjUwYmQ6Y29tOmVzOlVTOkw&usg=AOvVaw1_174P7ZpZwK3lHsej6aVi|Ver la fuente]]",
        "published": "2025-02-14T13:17:38Z",
        "apa_citation": "Salvation Army returns to Waukesha with new thrift store opening today - TMJ4. (2025-02-14T13:17:38Z). [Blog post]. Recuperado de https://www.google.com/url?rct=j&sa=t&url=https://www.tmj4.com/news/waukesha-county/salvation-army-returns-to-waukesha-with-new-thrift-store-opening-today&ct=ga&cd=CAIyHDY1NjcyODcyYTBmMjUwYmQ6Y29tOmVzOlVTOkw&usg=AOvVaw1_174P7ZpZwK3lHsej6aVi"
      },
      "geometry": {
        "type": "Point",
        "coordinates": [
          -88.3123889,
          43.0622536
        ]
      }
    },
    {
      "type": "Feature",
      "properties": {
        "title": "New Initiative for Those Experiencing Food, as Well as Housing, Instability in Harrison ...",
        "description": "**New Initiative for Those Experiencing Food, as Well as Housing, Instability in Harrison ...**\n\nCircle of Friends: Hosted by the Center for <b>Restorative Justice</b>, these ... <b>programs</b> and services to meet the diverse needs of our community.\n\n[[https://www.google.com/url?rct=j&sa=t&url=https://www.connect-bridgeport.com/connect.cfm%3Ffunc%3Dview%26section%3DNews%26item%3DNew-Initiative-for-Those-Experiencing-Food-as-Well-as-Housing-Instability-in-Harrison-County-Now-Open58359&ct=ga&cd=CAIyHGUyMThmYWNmZmIyODNjMGI6Y29tOmVzOlVTOkw&usg=AOvVaw1aNrO3XJeUay9f475YdgM1|Ver la fuente]]",
        "published": "2025-02-14T18:33:03Z",
        "apa_citation": "New Initiative for Those Experiencing Food, as Well as Housing, Instability in Harrison .... (2025-02-14T18:33:03Z). [Blog post]. Recuperado de https://www.google.com/url?rct=j&sa=t&url=https://www.connect-bridgeport.com/connect.cfm%3Ffunc%3Dview%26section%3DNews%26item%3DNew-Initiative-for-Those-Experiencing-Food-as-Well-as-Housing-Instability-in-Harrison-County-Now-Open58359&ct=ga&cd=CAIyHGUyMThmYWNmZmIyODNjMGI6Y29tOmVzOlVTOkw&usg=AOvVaw1aNrO3XJeUay9f475YdgM1"
      },
      "geometry": {
        "type": "Point",
        "coordinates": [
          -94.3982158,
          32.5233959
        ]
      }
    },
    {
      "type": "Feature",
      "properties": {
        "title": "The Most Overlooked Grants for Juvenile <b>Justice</b> and Legal Reform - fundsforNGOs",
        "description": "**The Most Overlooked Grants for Juvenile <b>Justice</b> and Legal Reform - fundsforNGOs**\n\n... <b>programs</b>, improving data collection, and ... <b>program</b> in Texas aimed at diverting youth from detention through <b>restorative justice</b> practices.\n\n[[https://www.google.com/url?rct=j&sa=t&url=https://www2.fundsforngos.org/articles-searching-grants-and-donors/the-most-overlooked-grants-for-juvenile-justice-and-legal-reform/&ct=ga&cd=CAIyHGUyMThmYWNmZmIyODNjMGI6Y29tOmVzOlVTOkw&usg=AOvVaw0QH-sAzfe_-aeXbHGdaEU9|Ver la fuente]]",
        "published": "2025-02-14T06:45:56Z",
        "apa_citation": "The Most Overlooked Grants for Juvenile <b>Justice</b> and Legal Reform - fundsforNGOs. (2025-02-14T06:45:56Z). [Blog post]. Recuperado de https://www.google.com/url?rct=j&sa=t&url=https://www2.fundsforngos.org/articles-searching-grants-and-donors/the-most-overlooked-grants-for-juvenile-justice-and-legal-reform/&ct=ga&cd=CAIyHGUyMThmYWNmZmIyODNjMGI6Y29tOmVzOlVTOkw&usg=AOvVaw0QH-sAzfe_-aeXbHGdaEU9"
      },
      "geometry": {
        "type": "Point",
        "coordinates": [
          -98.5456116,
          31.2638905
        ]
      }
    },
    {
      "type": "Feature",
      "properties": {
        "title": "Yampa Valley <b>Medical</b> Center recognized as top <b>rural</b> and community hospital in the country",
        "description": "**Yampa Valley <b>Medical</b> Center recognized as top <b>rural</b> and community hospital in the country**\n\n“The team at Yampa Valley <b>Medical</b> Center strives every day to provide not only safe and high-quality <b>health care</b> but also a positive patient&nbsp;...\n\n[[https://www.google.com/url?rct=j&sa=t&url=https://www.steamboatpilot.com/news/yampa-valley-medical-center-recognized-as-top-rural-and-community-hospital-in-the-country/&ct=ga&cd=CAIyHDRjMTg2YzkzZTg0MmE0MGM6Y29tOmVzOlVTOkw&usg=AOvVaw3SUfWQM2qL64dwMQlZ86V-|Ver la fuente]]",
        "published": "2025-02-14T20:34:22Z",
        "apa_citation": "Yampa Valley <b>Medical</b> Center recognized as top <b>rural</b> and community hospital in the country. (2025-02-14T20:34:22Z). [Blog post]. Recuperado de https://www.google.com/url?rct=j&sa=t&url=https://www.steamboatpilot.com/news/yampa-valley-medical-center-recognized-as-top-rural-and-community-hospital-in-the-country/&ct=ga&cd=CAIyHDRjMTg2YzkzZTg0MmE0MGM6Y29tOmVzOlVTOkw&usg=AOvVaw3SUfWQM2qL64dwMQlZ86V-"
      },
      "geometry": {
        "type": "Point",
        "coordinates": [
          -105.76713317186265,
          39.378119757517354
        ]
      }
    },
    {
      "type": "Feature",
      "properties": {
        "title": "A Legacy of Advancing <b>Rural Health</b> in Missouri - MU School of Medicine",
        "description": "**A Legacy of Advancing <b>Rural Health</b> in Missouri - MU School of Medicine**\n\nAccording to the American <b>Medical</b> Association, more than 65% of our nation's <b>rural</b> communities have a shortage of primary <b>care</b> doctors. In 1995, the&nbsp;...\n\n[[https://www.google.com/url?rct=j&sa=t&url=https://medicine.missouri.edu/news/legacy-advancing-rural-health-missouri&ct=ga&cd=CAIyHDRjMTg2YzkzZTg0MmE0MGM6Y29tOmVzOlVTOkw&usg=AOvVaw0mvxO0Qa16D88I415z4Twe|Ver la fuente]]",
        "published": "2025-02-14T17:27:52Z",
        "apa_citation": "A Legacy of Advancing <b>Rural Health</b> in Missouri - MU School of Medicine. (2025-02-14T17:27:52Z). [Blog post]. Recuperado de https://www.google.com/url?rct=j&sa=t&url=https://medicine.missouri.edu/news/legacy-advancing-rural-health-missouri&ct=ga&cd=CAIyHDRjMTg2YzkzZTg0MmE0MGM6Y29tOmVzOlVTOkw&usg=AOvVaw0mvxO0Qa16D88I415z4Twe"
      },
      "geometry": {
        "type": "Point",
        "coordinates": [
          -92.5617875,
          38.7604815
        ]
      }
    },
    {
      "type": "Feature",
      "properties": {
        "title": "UIC College of Medicine in Rockford attends meeting to address <b>rural healthcare</b> - WIFR",
        "description": "**UIC College of Medicine in Rockford attends meeting to address <b>rural healthcare</b> - WIFR**\n\nWIFR News Early&nbsp;...\n\n[[https://www.google.com/url?rct=j&sa=t&url=https://www.wifr.com/video/2025/02/14/uic-college-medicine-rockford-attends-meeting-address-rural-healthcare/&ct=ga&cd=CAIyHDRjMTg2YzkzZTg0MmE0MGM6Y29tOmVzOlVTOkw&usg=AOvVaw2AJ2QIDR3LRumNm092pcho|Ver la fuente]]",
        "published": "2025-02-14T14:20:26Z",
        "apa_citation": "UIC College of Medicine in Rockford attends meeting to address <b>rural healthcare</b> - WIFR. (2025-02-14T14:20:26Z). [Blog post]. Recuperado de https://www.google.com/url?rct=j&sa=t&url=https://www.wifr.com/video/2025/02/14/uic-college-medicine-rockford-attends-meeting-address-rural-healthcare/&ct=ga&cd=CAIyHDRjMTg2YzkzZTg0MmE0MGM6Y29tOmVzOlVTOkw&usg=AOvVaw2AJ2QIDR3LRumNm092pcho"
      },
      "geometry": {
        "type": "Point",
        "coordinates": [
          -89.093966,
          42.2713945
        ]
      }
    },
    {
      "type": "Feature",
      "properties": {
        "title": "La Fundación Poinsette se une a la Segunda Cosecha para Alimentar la Esperanza en el ...",
        "description": "**La Fundación Poinsette se une a la Segunda Cosecha para Alimentar la Esperanza en el ...**\n\n... <b>stigma reduction</b> program focused on preventing childhood hunger. With one in six children in Central Florida at risk of going to bed hungry at any&nbsp;...\n\n[[https://www.google.com/url?rct=j&sa=t&url=https://www.elosceolastar.com/la-fundacion-poinsette-se-une-a-la-segunda-cosecha-para-alimentar-la-esperanza-en-el-condado-osceola/&ct=ga&cd=CAIyHGE4NTM5ODQ0ZWRkM2ZkMzY6Y29tOmVzOlVTOkw&usg=AOvVaw3KvLP5GzES3r2wG_t9bORa|Ver la fuente]]",
        "published": "2025-02-14T16:32:09Z",
        "apa_citation": "La Fundación Poinsette se une a la Segunda Cosecha para Alimentar la Esperanza en el .... (2025-02-14T16:32:09Z). [Blog post]. Recuperado de https://www.google.com/url?rct=j&sa=t&url=https://www.elosceolastar.com/la-fundacion-poinsette-se-une-a-la-segunda-cosecha-para-alimentar-la-esperanza-en-el-condado-osceola/&ct=ga&cd=CAIyHGE4NTM5ODQ0ZWRkM2ZkMzY6Y29tOmVzOlVTOkw&usg=AOvVaw3KvLP5GzES3r2wG_t9bORa"
      },
      "geometry": {
        "type": "Point",
        "coordinates": [
          -78.22843684179435,
          21.5396275
        ]
      }
    },
    {
      "type": "Feature",
      "properties": {
        "title": "Dr. Ishraga Awad feels “enabled and energized” to contribute to improved health in Nova Scotia",
        "description": "**Dr. Ishraga Awad feels “enabled and energized” to contribute to improved health in Nova Scotia**\n\n“The answer to improving health there was prevention. For example, fighting mosquito growth, taking measures to <b>reduce</b> respiratory <b>infection</b>, and just&nbsp;...\n\n[[https://www.google.com/url?rct=j&sa=t&url=https://www.nshealth.ca/news-and-notices/dr-ishraga-awad-feels-enabled-and-energized-contribute-improved-health-nova-scotia&ct=ga&cd=CAIyHDc5NWE2MzQzNDM5MTJiMjk6Y29tOmVzOlVTOkw&usg=AOvVaw0ufBtb26MoOPmZIZyIFwHl|Ver la fuente]]",
        "published": "2025-02-14T19:00:16Z",
        "apa_citation": "Dr. Ishraga Awad feels “enabled and energized” to contribute to improved health in Nova Scotia. (2025-02-14T19:00:16Z). [Blog post]. Recuperado de https://www.google.com/url?rct=j&sa=t&url=https://www.nshealth.ca/news-and-notices/dr-ishraga-awad-feels-enabled-and-energized-contribute-improved-health-nova-scotia&ct=ga&cd=CAIyHDc5NWE2MzQzNDM5MTJiMjk6Y29tOmVzOlVTOkw&usg=AOvVaw0ufBtb26MoOPmZIZyIFwHl"
      },
      "geometry": {
        "type": "Point",
        "coordinates": [
          -63.1653789,
          45.1960403
        ]
      }
    },
    {
      "type": "Feature",
      "properties": {
        "title": "STI Testing at Home? Survey Finds Many Young People Are For It | Health",
        "description": "**STI Testing at Home? Survey Finds Many Young People Are For It | Health**\n\n... health without fear of judgment or social <b>stigma</b>.” For the study ... <b>Infectious Diseases</b> &middot; Mammalian Sexuality &middot; Sexual Anatomy &middot; Health Economics&nbsp;...\n\n[[https://www.google.com/url?rct=j&sa=t&url=https://www.blackbeltnewsnetwork.com/lifestyle/health/sti-testing-at-home-survey-finds-many-young-people-are-for-it/article_24c2c001-903a-5a3b-8ac4-af0589494b33.html&ct=ga&cd=CAIyHDc5NWE2MzQzNDM5MTJiMjk6Y29tOmVzOlVTOkw&usg=AOvVaw1x5CqiFuXTorCaK7nGHXC8|Ver la fuente]]",
        "published": "2025-02-14T18:18:06Z",
        "apa_citation": "STI Testing at Home? Survey Finds Many Young People Are For It | Health. (2025-02-14T18:18:06Z). [Blog post]. Recuperado de https://www.google.com/url?rct=j&sa=t&url=https://www.blackbeltnewsnetwork.com/lifestyle/health/sti-testing-at-home-survey-finds-many-young-people-are-for-it/article_24c2c001-903a-5a3b-8ac4-af0589494b33.html&ct=ga&cd=CAIyHDc5NWE2MzQzNDM5MTJiMjk6Y29tOmVzOlVTOkw&usg=AOvVaw1x5CqiFuXTorCaK7nGHXC8"
      },
      "geometry": {
        "type": "Point",
        "coordinates": [
          -122.77788755256714,
          47.283880999999994
        ]
      }
    },
    {
      "type": "Feature",
      "properties": {
        "title": "Semaglutide Does Not Increase Depression or Suicidal Ideation Risk in Adults With ...",
        "description": "**Semaglutide Does Not Increase Depression or Suicidal Ideation Risk in Adults With ...**\n\nHowever, losing 5% to 10% of body weight through lifestyle changes could <b>reduce</b> cardiovascular <b>disease</b> risk, according to the FDA. <sup>2</sup>. Read more.\n\n[[https://www.google.com/url?rct=j&sa=t&url=https://www.pharmacytimes.com/view/semaglutide-does-not-increase-depression-or-suicidal-ideation-risk-in-adults-with-overweight-obesity&ct=ga&cd=CAIyHDc5NWE2MzQzNDM5MTJiMjk6Y29tOmVzOlVTOkw&usg=AOvVaw3DNzNRKTwLXY1VebDDxRXk|Ver la fuente]]",
        "published": "2025-02-14T17:29:11Z",
        "apa_citation": "Semaglutide Does Not Increase Depression or Suicidal Ideation Risk in Adults With .... (2025-02-14T17:29:11Z). [Blog post]. Recuperado de https://www.google.com/url?rct=j&sa=t&url=https://www.pharmacytimes.com/view/semaglutide-does-not-increase-depression-or-suicidal-ideation-risk-in-adults-with-overweight-obesity&ct=ga&cd=CAIyHDc5NWE2MzQzNDM5MTJiMjk6Y29tOmVzOlVTOkw&usg=AOvVaw3DNzNRKTwLXY1VebDDxRXk"
      },
      "geometry": {
        "type": "Point",
        "coordinates": [
          0.0069489,
          51.5425786
        ]
      }
    },
    {
      "type": "Feature",
      "properties": {
        "title": "Mauritania progressing towards zero leprosy cases - WHO | Regional Office for Africa",
        "description": "**Mauritania progressing towards zero leprosy cases - WHO | Regional Office for Africa**\n\n... <b>diseases</b> (NTDs) at WHO in Mauritania. ... “With awareness campaigns, the population understands the <b>disease</b> better, and this helps to <b>reduce stigma</b>.\n\n[[https://www.google.com/url?rct=j&sa=t&url=https://www.afro.who.int/countries/mauritania/news/mauritania-progressing-towards-zero-leprosy-cases&ct=ga&cd=CAIyHDc5NWE2MzQzNDM5MTJiMjk6Y29tOmVzOlVTOkw&usg=AOvVaw3dn4PWSduIaTvmHTsPOMs6|Ver la fuente]]",
        "published": "2025-02-14T14:35:18Z",
        "apa_citation": "Mauritania progressing towards zero leprosy cases - WHO | Regional Office for Africa. (2025-02-14T14:35:18Z). [Blog post]. Recuperado de https://www.google.com/url?rct=j&sa=t&url=https://www.afro.who.int/countries/mauritania/news/mauritania-progressing-towards-zero-leprosy-cases&ct=ga&cd=CAIyHDc5NWE2MzQzNDM5MTJiMjk6Y29tOmVzOlVTOkw&usg=AOvVaw3dn4PWSduIaTvmHTsPOMs6"
      },
      "geometry": {
        "type": "Point",
        "coordinates": [
          6.134224391330168,
          46.232678199999995
        ]
      }
    },
    {
      "type": "Feature",
      "properties": {
        "title": "<b>Drug</b> Trafficker Sentenced to 87 months in Federal Prison for Possession of ... - Department of Justice",
        "description": "**<b>Drug</b> Trafficker Sentenced to 87 months in Federal Prison for Possession of ... - Department of Justice**\n\nHe pled guilty to Possession of Methamphetamine Hydrochloride with Intent to Distribute, in violation of 21 U.S.C. § 841(a)(1), and <b>Drug User</b> in&nbsp;...\n\n[[https://www.google.com/url?rct=j&sa=t&url=https://www.justice.gov/usao-gu/pr/drug-trafficker-sentenced-87-months-federal-prison-possession-methamphetamine-intent&ct=ga&cd=CAIyHGI4NWY2YjA3MjgyMDNkOTc6Y29tOmVzOlVTOkw&usg=AOvVaw3Q60u6UmOX7YYwe8j0eOcj|Ver la fuente]]",
        "published": "2025-02-14T18:01:48Z",
        "apa_citation": "<b>Drug</b> Trafficker Sentenced to 87 months in Federal Prison for Possession of ... - Department of Justice. (2025-02-14T18:01:48Z). [Blog post]. Recuperado de https://www.google.com/url?rct=j&sa=t&url=https://www.justice.gov/usao-gu/pr/drug-trafficker-sentenced-87-months-federal-prison-possession-methamphetamine-intent&ct=ga&cd=CAIyHGI4NWY2YjA3MjgyMDNkOTc6Y29tOmVzOlVTOkw&usg=AOvVaw3Q60u6UmOX7YYwe8j0eOcj"
      },
      "geometry": {
        "type": "Point",
        "coordinates": [
          -80.6678070117965,
          37.7239563
        ]
      }
    },
    {
      "type": "Feature",
      "properties": {
        "title": "Community Connections provides free at-home <b>drug</b> deactivation and disposal ... - North Platte Post",
        "description": "**Community Connections provides free at-home <b>drug</b> deactivation and disposal ... - North Platte Post**\n\n... drug deactivation and disposal pouches to help prevent prescription drug misuse in Lincoln County ... members and friends,” said <b>Substance Abuse</b>&nbsp;...\n\n[[https://www.google.com/url?rct=j&sa=t&url=https://northplattepost.com/posts/9db99264-fd34-4bf4-a707-a01be3b0ef47&ct=ga&cd=CAIyHGI4NWY2YjA3MjgyMDNkOTc6Y29tOmVzOlVTOkw&usg=AOvVaw37zIlhFTfxfYAenxIxiwrL|Ver la fuente]]",
        "published": "2025-02-14T15:13:24Z",
        "apa_citation": "Community Connections provides free at-home <b>drug</b> deactivation and disposal ... - North Platte Post. (2025-02-14T15:13:24Z). [Blog post]. Recuperado de https://www.google.com/url?rct=j&sa=t&url=https://northplattepost.com/posts/9db99264-fd34-4bf4-a707-a01be3b0ef47&ct=ga&cd=CAIyHGI4NWY2YjA3MjgyMDNkOTc6Y29tOmVzOlVTOkw&usg=AOvVaw37zIlhFTfxfYAenxIxiwrL"
      },
      "geometry": {
        "type": "Point",
        "coordinates": [
          -81.2062724,
          35.4866424
        ]
      }
    },
    {
      "type": "Feature",
      "properties": {
        "title": "Biotech company testing psilocybin pill requests preemptive change in Kansas law",
        "description": "**Biotech company testing psilocybin pill requests preemptive change in Kansas law**\n\nThe company is currently overseeing a <b>synthetic</b> psilocybin <b>drug</b> meant for remedying treatment-resistant depression. The <b>drug</b> is in the final phase&nbsp;...\n\n[[https://www.google.com/url?rct=j&sa=t&url=https://kansasreflector.com/2025/02/14/biotech-company-testing-psilocybin-pill-requests-preemptive-change-in-kansas-law/&ct=ga&cd=CAIyHDZjY2MxNjExZjY2NmI1ZmM6Y29tOmVzOlVTOkw&usg=AOvVaw1I_Yh3IMfRg6VlGn8_j0jQ|Ver la fuente]]",
        "published": "2025-02-14T19:09:59Z",
        "apa_citation": "Biotech company testing psilocybin pill requests preemptive change in Kansas law. (2025-02-14T19:09:59Z). [Blog post]. Recuperado de https://www.google.com/url?rct=j&sa=t&url=https://kansasreflector.com/2025/02/14/biotech-company-testing-psilocybin-pill-requests-preemptive-change-in-kansas-law/&ct=ga&cd=CAIyHDZjY2MxNjExZjY2NmI1ZmM6Y29tOmVzOlVTOkw&usg=AOvVaw1I_Yh3IMfRg6VlGn8_j0jQ"
      },
      "geometry": {
        "type": "Point",
        "coordinates": [
          -98.5821872,
          38.27312
        ]
      }
    },
    {
      "type": "Feature",
      "properties": {
        "title": "Fentanyl from Canada seized by U.S. border agents in Seattle - CTV News",
        "description": "**Fentanyl from Canada seized by U.S. border agents in Seattle - CTV News**\n\n... Entertainment &middot; Lifestyle &middot; Climate &amp; Environment &middot; Sci-Tech &middot; Sports &middot; Opinion ... “Fentanyl is an extremely dangerous <b>synthetic drug</b> that plagues our&nbsp;...\n\n[[https://www.google.com/url?rct=j&sa=t&url=https://www.ctvnews.ca/vancouver/article/fentanyl-from-canada-seized-by-us-border-agents-in-seattle/&ct=ga&cd=CAIyHDZjY2MxNjExZjY2NmI1ZmM6Y29tOmVzOlVTOkw&usg=AOvVaw1axvcCek5LmrW-FrGGaaVj|Ver la fuente]]",
        "published": "2025-02-14T17:57:54Z",
        "apa_citation": "Fentanyl from Canada seized by U.S. border agents in Seattle - CTV News. (2025-02-14T17:57:54Z). [Blog post]. Recuperado de https://www.google.com/url?rct=j&sa=t&url=https://www.ctvnews.ca/vancouver/article/fentanyl-from-canada-seized-by-us-border-agents-in-seattle/&ct=ga&cd=CAIyHDZjY2MxNjExZjY2NmI1ZmM6Y29tOmVzOlVTOkw&usg=AOvVaw1axvcCek5LmrW-FrGGaaVj"
      },
      "geometry": {
        "type": "Point",
        "coordinates": [
          -122.330062,
          47.6038321
        ]
      }
    },
    {
      "type": "Feature",
      "properties": {
        "title": "Trump's foreign aid freeze stops anti-fentanyl work in Mexico | Honolulu Star-Advertiser",
        "description": "**Trump's foreign aid freeze stops anti-fentanyl work in Mexico | Honolulu Star-Advertiser**\n\n... chemicals needed to <b>manufacture</b> the illicit <b>drug</b> from entering Mexico. ... <b>synthetic</b> opioid and the precursor chemicals needed to make it.\n\n[[https://www.google.com/url?rct=j&sa=t&url=https://www.staradvertiser.com/2025/02/13/breaking-news/trumps-foreign-aid-freeze-stops-anti-fentanyl-work-in-mexico/&ct=ga&cd=CAIyHDZjY2MxNjExZjY2NmI1ZmM6Y29tOmVzOlVTOkw&usg=AOvVaw1A6Qrkw-FU5wzx-MTLyhi6|Ver la fuente]]",
        "published": "2025-02-14T11:22:54Z",
        "apa_citation": "Trump's foreign aid freeze stops anti-fentanyl work in Mexico | Honolulu Star-Advertiser. (2025-02-14T11:22:54Z). [Blog post]. Recuperado de https://www.google.com/url?rct=j&sa=t&url=https://www.staradvertiser.com/2025/02/13/breaking-news/trumps-foreign-aid-freeze-stops-anti-fentanyl-work-in-mexico/&ct=ga&cd=CAIyHDZjY2MxNjExZjY2NmI1ZmM6Y29tOmVzOlVTOkw&usg=AOvVaw1A6Qrkw-FU5wzx-MTLyhi6"
      },
      "geometry": {
        "type": "Point",
        "coordinates": [
          -99.1331785,
          19.4326296
        ]
      }
    },
    {
      "type": "Feature",
      "properties": {
        "title": "<b>Drugs</b>, weapons in Syria borderland where Hezbollah held sway - Iraqi News",
        "description": "**<b>Drugs</b>, weapons in Syria borderland where Hezbollah held sway - Iraqi News**\n\nIn the building raided by Syrian border security, AFP correspondents saw large bags of captagon pills — a potent <b>synthetic drug</b> mass-<b>produced</b> under&nbsp;...\n\n[[https://www.google.com/url?rct=j&sa=t&url=https://www.iraqinews.com/arab-world-news/drugs-weapons-in-syria-borderland-where-hezbollah-held-sway/&ct=ga&cd=CAIyHDZjY2MxNjExZjY2NmI1ZmM6Y29tOmVzOlVTOkw&usg=AOvVaw3P3O7CwICd_bkyifJKUfPT|Ver la fuente]]",
        "published": "2025-02-14T11:19:02Z",
        "apa_citation": "<b>Drugs</b>, weapons in Syria borderland where Hezbollah held sway - Iraqi News. (2025-02-14T11:19:02Z). [Blog post]. Recuperado de https://www.google.com/url?rct=j&sa=t&url=https://www.iraqinews.com/arab-world-news/drugs-weapons-in-syria-borderland-where-hezbollah-held-sway/&ct=ga&cd=CAIyHDZjY2MxNjExZjY2NmI1ZmM6Y29tOmVzOlVTOkw&usg=AOvVaw3P3O7CwICd_bkyifJKUfPT"
      },
      "geometry": {
        "type": "Point",
        "coordinates": [
          38.42317811509885,
          34.8147886
        ]
      }
    },
    {
      "type": "Feature",
      "properties": {
        "title": "Peak Report: The tariff effect - The Mountain-Ear",
        "description": "**Peak Report: The tariff effect - The Mountain-Ear**\n\n... fentanyl and other <b>synthetic</b> drugs into the U.S. from Mexico. For ... <b>opioids</b> containing fentanyl or fentanyl analogues in Canada.” According&nbsp;...\n\n[[https://www.google.com/url?rct=j&sa=t&url=http://themtnear.com/stories/peak-report-the-tariff-effect,29777&ct=ga&cd=CAIyHDhmMGY2NjlmYWRhNDVjZWI6Y29tOmVzOlVTOkw&usg=AOvVaw1v-9FpW-hH5GuBjcauF0ll|Ver la fuente]]",
        "published": "2025-02-14T15:09:34Z",
        "apa_citation": "Peak Report: The tariff effect - The Mountain-Ear. (2025-02-14T15:09:34Z). [Blog post]. Recuperado de https://www.google.com/url?rct=j&sa=t&url=http://themtnear.com/stories/peak-report-the-tariff-effect,29777&ct=ga&cd=CAIyHDhmMGY2NjlmYWRhNDVjZWI6Y29tOmVzOlVTOkw&usg=AOvVaw1v-9FpW-hH5GuBjcauF0ll"
      },
      "geometry": {
        "type": "Point",
        "coordinates": [
          -107.991707,
          61.0666922
        ]
      }
    },
    {
      "type": "Feature",
      "properties": {
        "title": "Dr. Ishraga Awad feels “enabled and energized” to contribute to improved health in Nova Scotia",
        "description": "**Dr. Ishraga Awad feels “enabled and energized” to contribute to improved health in Nova Scotia**\n\n... <b>Treatment</b> Centres | Mobile Primary <b>Care</b> Clinics ... Emergency <b>Care</b> ... <b>tuberculosis</b> (<b>TB</b>) is widely spread, being diagnosed with <b>TB</b> in Canada.\n\n[[https://www.google.com/url?rct=j&sa=t&url=https://www.nshealth.ca/news-and-notices/dr-ishraga-awad-feels-enabled-and-energized-contribute-improved-health-nova-scotia&ct=ga&cd=CAIyHGI5MTFlMDhmODg4ODFjMDE6Y29tOmVzOlVTOkw&usg=AOvVaw0ufBtb26MoOPmZIZyIFwHl|Ver la fuente]]",
        "published": "2025-02-14T19:00:16Z",
        "apa_citation": "Dr. Ishraga Awad feels “enabled and energized” to contribute to improved health in Nova Scotia. (2025-02-14T19:00:16Z). [Blog post]. Recuperado de https://www.google.com/url?rct=j&sa=t&url=https://www.nshealth.ca/news-and-notices/dr-ishraga-awad-feels-enabled-and-energized-contribute-improved-health-nova-scotia&ct=ga&cd=CAIyHGI5MTFlMDhmODg4ODFjMDE6Y29tOmVzOlVTOkw&usg=AOvVaw0ufBtb26MoOPmZIZyIFwHl"
      },
      "geometry": {
        "type": "Point",
        "coordinates": [
          -63.1653789,
          45.1960403
        ]
      }
    },
    {
      "type": "Feature",
      "properties": {
        "title": "Prevalence, perception of risk and mycobacterium <b>tuberculosis</b> control practices among ...",
        "description": "**Prevalence, perception of risk and mycobacterium <b>tuberculosis</b> control practices among ...**\n\n... <b>TB</b> and its associated factors among HWs in HIV <b>care</b> and <b>treatment</b> centres in North-Central Nigeria. This study is a nested cross-sectional&nbsp;...\n\n[[https://www.google.com/url?rct=j&sa=t&url=https://bmcinfectdis.biomedcentral.com/articles/10.1186/s12879-025-10591-5&ct=ga&cd=CAIyHGI5MTFlMDhmODg4ODFjMDE6Y29tOmVzOlVTOkw&usg=AOvVaw1YESLnAkdNXuHIxHbPTS-r|Ver la fuente]]",
        "published": "2025-02-14T18:21:44Z",
        "apa_citation": "Prevalence, perception of risk and mycobacterium <b>tuberculosis</b> control practices among .... (2025-02-14T18:21:44Z). [Blog post]. Recuperado de https://www.google.com/url?rct=j&sa=t&url=https://bmcinfectdis.biomedcentral.com/articles/10.1186/s12879-025-10591-5&ct=ga&cd=CAIyHGI5MTFlMDhmODg4ODFjMDE6Y29tOmVzOlVTOkw&usg=AOvVaw1YESLnAkdNXuHIxHbPTS-r"
      },
      "geometry": {
        "type": "Point",
        "coordinates": [
          21.914756659490372,
          42.54873545
        ]
      }
    },
    {
      "type": "Feature",
      "properties": {
        "title": "New CDC Data Reflects Silent Avian Flu Spread - Health Policy Watch",
        "description": "**New CDC Data Reflects Silent Avian Flu Spread - Health Policy Watch**\n\nA <b>tuberculosis</b> patient in Mozambique who completed <b>treatment</b> thanks to a USAID-supported health worker. USAID administers all US bilateral aid for&nbsp;...\n\n[[https://www.google.com/url?rct=j&sa=t&url=https://healthpolicy-watch.news/federal-judge-issues-order-freezing-usaid-work-stoppage-new-cdc-data-suggests-hidden-avian-flu-spread/%27&ct=ga&cd=CAIyHGI5MTFlMDhmODg4ODFjMDE6Y29tOmVzOlVTOkw&usg=AOvVaw0g202_YLRlGqHJAxDP04UN|Ver la fuente]]",
        "published": "2025-02-14T17:59:55Z",
        "apa_citation": "New CDC Data Reflects Silent Avian Flu Spread - Health Policy Watch. (2025-02-14T17:59:55Z). [Blog post]. Recuperado de https://www.google.com/url?rct=j&sa=t&url=https://healthpolicy-watch.news/federal-judge-issues-order-freezing-usaid-work-stoppage-new-cdc-data-suggests-hidden-avian-flu-spread/%27&ct=ga&cd=CAIyHGI5MTFlMDhmODg4ODFjMDE6Y29tOmVzOlVTOkw&usg=AOvVaw0g202_YLRlGqHJAxDP04UN"
      },
      "geometry": {
        "type": "Point",
        "coordinates": [
          34.9144977,
          -19.302233
        ]
      }
    },
    {
      "type": "Feature",
      "properties": {
        "title": "Nebraska DHHS shares update on <b>tuberculosis</b> outbreak in Kansas City - WOWT",
        "description": "**Nebraska DHHS shares update on <b>tuberculosis</b> outbreak in Kansas City - WOWT**\n\nThe latest with an&nbsp;...\n\n[[https://www.google.com/url?rct=j&sa=t&url=https://www.wowt.com/2025/02/14/nebraska-dhhs-shares-update-tuberculosis-outbreak-kansas-city/&ct=ga&cd=CAIyHGI5MTFlMDhmODg4ODFjMDE6Y29tOmVzOlVTOkw&usg=AOvVaw0vUc-Yynr2kL13EFOf3m6l|Ver la fuente]]",
        "published": "2025-02-14T17:52:39Z",
        "apa_citation": "Nebraska DHHS shares update on <b>tuberculosis</b> outbreak in Kansas City - WOWT. (2025-02-14T17:52:39Z). [Blog post]. Recuperado de https://www.google.com/url?rct=j&sa=t&url=https://www.wowt.com/2025/02/14/nebraska-dhhs-shares-update-tuberculosis-outbreak-kansas-city/&ct=ga&cd=CAIyHGI5MTFlMDhmODg4ODFjMDE6Y29tOmVzOlVTOkw&usg=AOvVaw0vUc-Yynr2kL13EFOf3m6l"
      },
      "geometry": {
        "type": "Point",
        "coordinates": [
          -94.5781416,
          39.100105
        ]
      }
    },
    {
      "type": "Feature",
      "properties": {
        "title": "Health &amp; Family Welfare Department Rallies CSR Heads to Combat <b>TB</b> in Odisha",
        "description": "**Health &amp; Family Welfare Department Rallies CSR Heads to Combat <b>TB</b> in Odisha**\n\n... <b>tuberculosis</b> (<b>TB</b>) in Odisha. The meeting focused on the ... <b>treatment</b> outcomes and prevents the further spread of the disease within households.\n\n[[https://www.google.com/url?rct=j&sa=t&url=https://pragativadi.com/health-family-welfare-department-rallies-csr-heads-to-combat-tb-in-odisha/&ct=ga&cd=CAIyHGI5MTFlMDhmODg4ODFjMDE6Y29tOmVzOlVTOkw&usg=AOvVaw0gEmvNhfrmH8JnXSG2KMAg|Ver la fuente]]",
        "published": "2025-02-14T16:19:00Z",
        "apa_citation": "Health &amp; Family Welfare Department Rallies CSR Heads to Combat <b>TB</b> in Odisha. (2025-02-14T16:19:00Z). [Blog post]. Recuperado de https://www.google.com/url?rct=j&sa=t&url=https://pragativadi.com/health-family-welfare-department-rallies-csr-heads-to-combat-tb-in-odisha/&ct=ga&cd=CAIyHGI5MTFlMDhmODg4ODFjMDE6Y29tOmVzOlVTOkw&usg=AOvVaw0gEmvNhfrmH8JnXSG2KMAg"
      },
      "geometry": {
        "type": "Point",
        "coordinates": [
          84.6897321,
          20.5431241
        ]
      }
    },
    {
      "type": "Feature",
      "properties": {
        "title": "Receiving NADT for 6 Months Doesn't Impact Outcomes in Intermediate-Risk Prostate ...",
        "description": "**Receiving NADT for 6 Months Doesn't Impact Outcomes in Intermediate-Risk Prostate ...**\n\nUnderstanding <b>TB</b> Symptoms, Spread, <b>Treatment</b> Amid Kansas City Outbreak. February 13th 2025 &middot; Advancing Integrated <b>Care</b> for Comorbid Schizophrenia and&nbsp;...\n\n[[https://www.google.com/url?rct=j&sa=t&url=https://www.ajmc.com/view/6-months-of-nadt-doesn-t-impact-outcomes-in-intermediate-risk-prostate-cancer-after-ebrt&ct=ga&cd=CAIyHGI5MTFlMDhmODg4ODFjMDE6Y29tOmVzOlVTOkw&usg=AOvVaw3dsFz62V5AtLwEPXBbxqMc|Ver la fuente]]",
        "published": "2025-02-14T15:01:54Z",
        "apa_citation": "Receiving NADT for 6 Months Doesn't Impact Outcomes in Intermediate-Risk Prostate .... (2025-02-14T15:01:54Z). [Blog post]. Recuperado de https://www.google.com/url?rct=j&sa=t&url=https://www.ajmc.com/view/6-months-of-nadt-doesn-t-impact-outcomes-in-intermediate-risk-prostate-cancer-after-ebrt&ct=ga&cd=CAIyHGI5MTFlMDhmODg4ODFjMDE6Y29tOmVzOlVTOkw&usg=AOvVaw3dsFz62V5AtLwEPXBbxqMc"
      },
      "geometry": {
        "type": "Point",
        "coordinates": [
          13.449914301554706,
          46.47223875
        ]
      }
    },
    {
      "type": "Feature",
      "properties": {
        "title": "Netflix's 'Apple Cider Vinegar' features a Jewish-run 'cancer clinic.' What is it?",
        "description": "**Netflix's 'Apple Cider Vinegar' features a Jewish-run 'cancer clinic.' What is it?**\n\nDesperate for another solution, Millie seizes on an “<b>alternative</b>” <b>treatment</b>: at a center called the Hirsch Institute, in Mexico. The center is run&nbsp;...\n\n[[https://www.google.com/url?rct=j&sa=t&url=https://forward.com/fast-forward/696931/netflixs-apple-cider-vinegar-features-a-jewish-run-cancer-clinic-what-is-it/&ct=ga&cd=CAIyHGRmYmFjNzVhZTcxYjdhMGI6Y29tOmVzOlVTOkw&usg=AOvVaw3giuYIdUSu8wlNQwY-sZ6G|Ver la fuente]]",
        "published": "2025-02-14T21:09:20Z",
        "apa_citation": "Netflix's 'Apple Cider Vinegar' features a Jewish-run 'cancer clinic.' What is it?. (2025-02-14T21:09:20Z). [Blog post]. Recuperado de https://www.google.com/url?rct=j&sa=t&url=https://forward.com/fast-forward/696931/netflixs-apple-cider-vinegar-features-a-jewish-run-cancer-clinic-what-is-it/&ct=ga&cd=CAIyHGRmYmFjNzVhZTcxYjdhMGI6Y29tOmVzOlVTOkw&usg=AOvVaw3giuYIdUSu8wlNQwY-sZ6G"
      },
      "geometry": {
        "type": "Point",
        "coordinates": [
          -99.1331785,
          19.4326296
        ]
      }
    },
    {
      "type": "Feature",
      "properties": {
        "title": "Biologics and CVD Risks in Older Adults with IBD - MedCentral",
        "description": "**Biologics and CVD Risks in Older Adults with IBD - MedCentral**\n\n... <b>therapy</b> requires patients to try insurer-preferred <b>alternatives</b> before receiving the physician-recommended <b>treatment</b>. “Overall, both prior&nbsp;...\n\n[[https://www.google.com/url?rct=j&sa=t&url=https://www.medcentral.com/gastroenterology/ustekinumab-tops-vedolizumab-for-cv-protection-in-older-adults-with-ibd&ct=ga&cd=CAIyHGRmYmFjNzVhZTcxYjdhMGI6Y29tOmVzOlVTOkw&usg=AOvVaw3QbHlKKjalU4rRxezMB9PE|Ver la fuente]]",
        "published": "2025-02-14T17:33:32Z",
        "apa_citation": "Biologics and CVD Risks in Older Adults with IBD - MedCentral. (2025-02-14T17:33:32Z). [Blog post]. Recuperado de https://www.google.com/url?rct=j&sa=t&url=https://www.medcentral.com/gastroenterology/ustekinumab-tops-vedolizumab-for-cv-protection-in-older-adults-with-ibd&ct=ga&cd=CAIyHGRmYmFjNzVhZTcxYjdhMGI6Y29tOmVzOlVTOkw&usg=AOvVaw3QbHlKKjalU4rRxezMB9PE"
      },
      "geometry": {
        "type": "Point",
        "coordinates": [
          -122.90579748814781,
          45.49676255
        ]
      }
    },
    {
      "type": "Feature",
      "properties": {
        "title": "Estrogen Patches with ARPIs Found to Be Safe, Effective in Prostate Cancer - Cure Today",
        "description": "**Estrogen Patches with ARPIs Found to Be Safe, Effective in Prostate Cancer - Cure Today**\n\nWe think it's an <b>alternate therapy</b> choice for men starting ADT,” James said. Among patients in the LHRHa and tE2 arms, rates of hot flashes of any&nbsp;...\n\n[[https://www.google.com/url?rct=j&sa=t&url=https://www.curetoday.com/view/estrogen-patches-with-arpis-found-to-be-safe-effective-in-prostate-cancer&ct=ga&cd=CAIyHGRmYmFjNzVhZTcxYjdhMGI6Y29tOmVzOlVTOkw&usg=AOvVaw0a8h_SKdTpdf_wQNF_a0qp|Ver la fuente]]",
        "published": "2025-02-14T17:30:39Z",
        "apa_citation": "Estrogen Patches with ARPIs Found to Be Safe, Effective in Prostate Cancer - Cure Today. (2025-02-14T17:30:39Z). [Blog post]. Recuperado de https://www.google.com/url?rct=j&sa=t&url=https://www.curetoday.com/view/estrogen-patches-with-arpis-found-to-be-safe-effective-in-prostate-cancer&ct=ga&cd=CAIyHGRmYmFjNzVhZTcxYjdhMGI6Y29tOmVzOlVTOkw&usg=AOvVaw0a8h_SKdTpdf_wQNF_a0qp"
      },
      "geometry": {
        "type": "Point",
        "coordinates": [
          -114.0962391,
          50.9894063
        ]
      }
    },
    {
      "type": "Feature",
      "properties": {
        "title": "Comparing AD-STSG &amp; FTSG in Joint-Involved Burn Reconstruction - Physician's Weekly",
        "description": "**Comparing AD-STSG &amp; FTSG in Joint-Involved Burn Reconstruction - Physician's Weekly**\n\nSplit-thickness grafts may be an <b>alternative</b> ... Therefore, for larger burn wounds around joint areas, AD-STSG could be an <b>alternative treatment</b> over&nbsp;...\n\n[[https://www.google.com/url?rct=j&sa=t&url=https://www.physiciansweekly.com/comparing-ad-stsg-ftsg-in-joint-involved-burn-reconstruction/&ct=ga&cd=CAIyHGRmYmFjNzVhZTcxYjdhMGI6Y29tOmVzOlVTOkw&usg=AOvVaw2Z4O1V5aklOXn_WKtlUJCS|Ver la fuente]]",
        "published": "2025-02-14T14:37:58Z",
        "apa_citation": "Comparing AD-STSG &amp; FTSG in Joint-Involved Burn Reconstruction - Physician's Weekly. (2025-02-14T14:37:58Z). [Blog post]. Recuperado de https://www.google.com/url?rct=j&sa=t&url=https://www.physiciansweekly.com/comparing-ad-stsg-ftsg-in-joint-involved-burn-reconstruction/&ct=ga&cd=CAIyHGRmYmFjNzVhZTcxYjdhMGI6Y29tOmVzOlVTOkw&usg=AOvVaw2Z4O1V5aklOXn_WKtlUJCS"
      },
      "geometry": {
        "type": "Point",
        "coordinates": [
          -9.9968868,
          6.3348962
        ]
      }
    },
    {
      "type": "Feature",
      "properties": {
        "title": "Novartis gets Health Canada approval for Fabhalta in PNH <b>treatment</b>",
        "description": "**Novartis gets Health Canada approval for Fabhalta in PNH <b>treatment</b>**\n\nFabhalta is Canada's only Factor B inhibitor, providing comprehensive control of RBC destruction by targeting the <b>alternative</b> complement pathway.\n\n[[https://www.google.com/url?rct=j&sa=t&url=https://www.worldpharmaceuticals.net/news/novartis-gets-health-canada-approval-for-fabhalta-in-pnh-treatment/&ct=ga&cd=CAIyHGRmYmFjNzVhZTcxYjdhMGI6Y29tOmVzOlVTOkw&usg=AOvVaw3xC1QAcnKqT3S2HwZj3RJP|Ver la fuente]]",
        "published": "2025-02-14T12:14:16Z",
        "apa_citation": "Novartis gets Health Canada approval for Fabhalta in PNH <b>treatment</b>. (2025-02-14T12:14:16Z). [Blog post]. Recuperado de https://www.google.com/url?rct=j&sa=t&url=https://www.worldpharmaceuticals.net/news/novartis-gets-health-canada-approval-for-fabhalta-in-pnh-treatment/&ct=ga&cd=CAIyHGRmYmFjNzVhZTcxYjdhMGI6Y29tOmVzOlVTOkw&usg=AOvVaw3xC1QAcnKqT3S2HwZj3RJP"
      },
      "geometry": {
        "type": "Point",
        "coordinates": [
          -7.103198559781845,
          40.779428100000004
        ]
      }
    },
    {
      "type": "Feature",
      "properties": {
        "title": "News 5 takes part in Healing Hands' 15th 'Sweet for the Sweet' campaign - WCYB",
        "description": "**News 5 takes part in Healing Hands' 15th 'Sweet for the Sweet' campaign - WCYB**\n\n... <b>Uninsured</b>. chevron right arrow icon. BRISTOL, Tenn. (WCYB) — This ... Healing Hands provides <b>care</b> for the <b>uninsured</b> and underinsured in our region.\n\n[[https://www.google.com/url?rct=j&sa=t&url=https://wcyb.com/news/local/news-5-takes-part-in-healing-hands-15th-sweet-for-the-sweet-campaign&ct=ga&cd=CAIyHDJkYzAyMTU2N2E2NDI1NTE6Y29tOmVzOlVTOkw&usg=AOvVaw2HGytEdZwfnSoVLEPp14yi|Ver la fuente]]",
        "published": "2025-02-14T20:42:32Z",
        "apa_citation": "News 5 takes part in Healing Hands' 15th 'Sweet for the Sweet' campaign - WCYB. (2025-02-14T20:42:32Z). [Blog post]. Recuperado de https://www.google.com/url?rct=j&sa=t&url=https://wcyb.com/news/local/news-5-takes-part-in-healing-hands-15th-sweet-for-the-sweet-campaign&ct=ga&cd=CAIyHDJkYzAyMTU2N2E2NDI1NTE6Y29tOmVzOlVTOkw&usg=AOvVaw2HGytEdZwfnSoVLEPp14yi"
      },
      "geometry": {
        "type": "Point",
        "coordinates": [
          -0.30287698421802045,
          51.4567391
        ]
      }
    },
    {
      "type": "Feature",
      "properties": {
        "title": "Overview – Health <b>Care</b> 2025 - North Carolina Justice Center",
        "description": "**Overview – Health <b>Care</b> 2025 - North Carolina Justice Center**\n\n... <b>Uninsured</b> in North Carolina &middot; Medicaid Transformation &middot; End Medical Debt in ... Health <b>Care</b> &amp; Health Reform. North Carolina Justice Center. 224 S&nbsp;...\n\n[[https://www.google.com/url?rct=j&sa=t&url=https://www.ncjustice.org/publications/overview-health-care-2025/&ct=ga&cd=CAIyHDJkYzAyMTU2N2E2NDI1NTE6Y29tOmVzOlVTOkw&usg=AOvVaw2kFh4_FRxhriRYUtGfIEqb|Ver la fuente]]",
        "published": "2025-02-14T19:39:37Z",
        "apa_citation": "Overview – Health <b>Care</b> 2025 - North Carolina Justice Center. (2025-02-14T19:39:37Z). [Blog post]. Recuperado de https://www.google.com/url?rct=j&sa=t&url=https://www.ncjustice.org/publications/overview-health-care-2025/&ct=ga&cd=CAIyHDJkYzAyMTU2N2E2NDI1NTE6Y29tOmVzOlVTOkw&usg=AOvVaw2kFh4_FRxhriRYUtGfIEqb"
      },
      "geometry": {
        "type": "Point",
        "coordinates": [
          -79.0392919,
          35.6729639
        ]
      }
    },
    {
      "type": "Feature",
      "properties": {
        "title": "Creighton alumna creates fund for nurses to gain higher degrees and global practice",
        "description": "**Creighton alumna creates fund for nurses to gain higher degrees and global practice**\n\n... Doctor of Nursing Practice degree and a certificate in global health at Creighton. ... <b>access</b> to <b>health care</b> across the globe, said Jessica Clark&nbsp;...\n\n[[https://www.google.com/url?rct=j&sa=t&url=https://nebraskaexaminer.com/briefs/creighton-alumna-creates-fund-for-nurses-to-gain-higher-degrees-and-global-practice/&ct=ga&cd=CAIyHGJmNDRkNjdkOGY4ZWE4NTM6Y29tOmVzOlVTOkw&usg=AOvVaw3KfCj4gXV3w2z2-chOwzIE|Ver la fuente]]",
        "published": "2025-02-14T17:19:37Z",
        "apa_citation": "Creighton alumna creates fund for nurses to gain higher degrees and global practice. (2025-02-14T17:19:37Z). [Blog post]. Recuperado de https://www.google.com/url?rct=j&sa=t&url=https://nebraskaexaminer.com/briefs/creighton-alumna-creates-fund-for-nurses-to-gain-higher-degrees-and-global-practice/&ct=ga&cd=CAIyHGJmNDRkNjdkOGY4ZWE4NTM6Y29tOmVzOlVTOkw&usg=AOvVaw3KfCj4gXV3w2z2-chOwzIE"
      },
      "geometry": {
        "type": "Point",
        "coordinates": [
          -101.9088396,
          54.7449167
        ]
      }
    },
    {
      "type": "Feature",
      "properties": {
        "title": "Russia detains another US citizen on <b>drugs</b> charges days after swap, reports say - Yahoo",
        "description": "**Russia detains another US citizen on <b>drugs</b> charges days after swap, reports say - Yahoo**\n\nRussia detains another US citizen on <b>drugs</b> charges days after swap, reports say ... <b>war</b> in Ukraine prompted President Trump to tear into her and&nbsp;...\n\n[[https://www.google.com/url?rct=j&sa=t&url=https://www.yahoo.com/news/russia-detains-another-us-citizen-181547143.html&ct=ga&cd=CAIyHGI0OTlmNWFjYTQ5ODM1NjQ6Y29tOmVzOlVTOkw&usg=AOvVaw00j54BvIuISsc3P-0eqP0z|Ver la fuente]]",
        "published": "2025-02-14T18:21:13Z",
        "apa_citation": "Russia detains another US citizen on <b>drugs</b> charges days after swap, reports say - Yahoo. (2025-02-14T18:21:13Z). [Blog post]. Recuperado de https://www.google.com/url?rct=j&sa=t&url=https://www.yahoo.com/news/russia-detains-another-us-citizen-181547143.html&ct=ga&cd=CAIyHGI0OTlmNWFjYTQ5ODM1NjQ6Y29tOmVzOlVTOkw&usg=AOvVaw00j54BvIuISsc3P-0eqP0z"
      },
      "geometry": {
        "type": "Point",
        "coordinates": [
          31.2718321,
          49.4871968
        ]
      }
    },
    {
      "type": "Feature",
      "properties": {
        "title": "US man detained in Russia on <b>drugs</b> charges - state media - BBC",
        "description": "**US man detained in Russia on <b>drugs</b> charges - state media - BBC**\n\n... <b>drugs</b> charges after he was arrested at Moscow's Vnukovo International Airport last week. According to Russian state news agency Tass, a <b>drug</b>&nbsp;...\n\n[[https://www.google.com/url?rct=j&sa=t&url=https://www.bbc.com/news/articles/c4g31jnv398o&ct=ga&cd=CAIyHGI0OTlmNWFjYTQ5ODM1NjQ6Y29tOmVzOlVTOkw&usg=AOvVaw3A7fKCxKMQq9lzTICI4M_D|Ver la fuente]]",
        "published": "2025-02-14T18:02:41Z",
        "apa_citation": "US man detained in Russia on <b>drugs</b> charges - state media - BBC. (2025-02-14T18:02:41Z). [Blog post]. Recuperado de https://www.google.com/url?rct=j&sa=t&url=https://www.bbc.com/news/articles/c4g31jnv398o&ct=ga&cd=CAIyHGI0OTlmNWFjYTQ5ODM1NjQ6Y29tOmVzOlVTOkw&usg=AOvVaw3A7fKCxKMQq9lzTICI4M_D"
      },
      "geometry": {
        "type": "Point",
        "coordinates": [
          97.7453061,
          64.6863136
        ]
      }
    },
    {
      "type": "Feature",
      "properties": {
        "title": "Five suspects in court in Morocco's 'Escobar of the Sahara' <b>drug</b> trial - The New Arab",
        "description": "**Five suspects in court in Morocco's 'Escobar of the Sahara' <b>drug</b> trial - The New Arab**\n\nGaza <b>War</b> &middot; West Bank &middot; Lebanon &middot; Post-Assad Syria &middot; Saudi Arabia ... <b>drugs</b>,&quot; as well as corruption, according to prosecutors. The trial has&nbsp;...\n\n[[https://www.google.com/url?rct=j&sa=t&url=https://www.newarab.com/news/five-suspects-court-moroccos-escobar-sahara-drug-trial&ct=ga&cd=CAIyHGI0OTlmNWFjYTQ5ODM1NjQ6Y29tOmVzOlVTOkw&usg=AOvVaw1zbABsyKCBkR2fgIhSFllt|Ver la fuente]]",
        "published": "2025-02-14T17:48:38Z",
        "apa_citation": "Five suspects in court in Morocco's 'Escobar of the Sahara' <b>drug</b> trial - The New Arab. (2025-02-14T17:48:38Z). [Blog post]. Recuperado de https://www.google.com/url?rct=j&sa=t&url=https://www.newarab.com/news/five-suspects-court-moroccos-escobar-sahara-drug-trial&ct=ga&cd=CAIyHGI0OTlmNWFjYTQ5ODM1NjQ6Y29tOmVzOlVTOkw&usg=AOvVaw1zbABsyKCBkR2fgIhSFllt"
      },
      "geometry": {
        "type": "Point",
        "coordinates": [
          -10.371337908392647,
          28.3347722
        ]
      }
    },
    {
      "type": "Feature",
      "properties": {
        "title": "<b>Drugs</b>, weapons in Syria borderland where Hezbollah held sway - Times-Georgian",
        "description": "**<b>Drugs</b>, weapons in Syria borderland where Hezbollah held sway - Times-Georgian**\n\n<b>Drugs</b>, weapons in Syria borderland where Hezbollah held sway &middot; - <b>Drug</b> traffickers - &middot; - 'Banned from returning' - &middot; Featured Local Savings &middot; Latest e-&nbsp;...\n\n[[https://www.google.com/url?rct=j&sa=t&url=https://www.times-georgian.com/news/national/drugs-weapons-in-syria-borderland-where-hezbollah-held-sway/article_df760655-96bc-5fd5-bda9-dc63bafe9343.html&ct=ga&cd=CAIyHGI0OTlmNWFjYTQ5ODM1NjQ6Y29tOmVzOlVTOkw&usg=AOvVaw1C3ttlA6bK7Ggiix_AzGAa|Ver la fuente]]",
        "published": "2025-02-14T17:26:36Z",
        "apa_citation": "<b>Drugs</b>, weapons in Syria borderland where Hezbollah held sway - Times-Georgian. (2025-02-14T17:26:36Z). [Blog post]. Recuperado de https://www.google.com/url?rct=j&sa=t&url=https://www.times-georgian.com/news/national/drugs-weapons-in-syria-borderland-where-hezbollah-held-sway/article_df760655-96bc-5fd5-bda9-dc63bafe9343.html&ct=ga&cd=CAIyHGI0OTlmNWFjYTQ5ODM1NjQ6Y29tOmVzOlVTOkw&usg=AOvVaw1C3ttlA6bK7Ggiix_AzGAa"
      },
      "geometry": {
        "type": "Point",
        "coordinates": [
          38.42317811509885,
          34.8147886
        ]
      }
    },
    {
      "type": "Feature",
      "properties": {
        "title": "Tariffs, Fentanyl, and Migration: Updates on U.S.-Mexico Relations after Trump's First Month in Office",
        "description": "**Tariffs, Fentanyl, and Migration: Updates on U.S.-Mexico Relations after Trump's First Month in Office**\n\n... <b>war on drugs</b>”. Fentanyl, as it's currently produced and smuggled, is a product of the drug-war model, rather than something that can realistically&nbsp;...\n\n[[https://www.google.com/url?rct=j&sa=t&url=https://www.wola.org/analysis/trump-tariffs-fentanyl-migration-u-s-mexico/&ct=ga&cd=CAIyHGI0OTlmNWFjYTQ5ODM1NjQ6Y29tOmVzOlVTOkw&usg=AOvVaw3DBcywhk4WpB6HFZYQP1L-|Ver la fuente]]",
        "published": "2025-02-14T17:25:49Z",
        "apa_citation": "Tariffs, Fentanyl, and Migration: Updates on U.S.-Mexico Relations after Trump's First Month in Office. (2025-02-14T17:25:49Z). [Blog post]. Recuperado de https://www.google.com/url?rct=j&sa=t&url=https://www.wola.org/analysis/trump-tariffs-fentanyl-migration-u-s-mexico/&ct=ga&cd=CAIyHGI0OTlmNWFjYTQ5ODM1NjQ6Y29tOmVzOlVTOkw&usg=AOvVaw3DBcywhk4WpB6HFZYQP1L-"
      },
      "geometry": {
        "type": "Point",
        "coordinates": [
          76.92931679041169,
          43.239694799999995
        ]
      }
    },
    {
      "type": "Feature",
      "properties": {
        "title": "Boy, 16, guilty of murdering David Hunt at <b>drugs</b> house in Hull - BBC",
        "description": "**Boy, 16, guilty of murdering David Hunt at <b>drugs</b> house in Hull - BBC**\n\n<b>War</b> in Ukraine &middot; US &amp; Canada &middot; UK &middot; UK Politics ... Hull Crown Court was told that a <b>drugs</b> line known as the Saskia Line operated from the house.\n\n[[https://www.google.com/url?rct=j&sa=t&url=https://www.bbc.com/news/articles/cde98j6dy9no&ct=ga&cd=CAIyHGI0OTlmNWFjYTQ5ODM1NjQ6Y29tOmVzOlVTOkw&usg=AOvVaw2Wox1ywguzO-EyffodZVH_|Ver la fuente]]",
        "published": "2025-02-14T16:19:45Z",
        "apa_citation": "Boy, 16, guilty of murdering David Hunt at <b>drugs</b> house in Hull - BBC. (2025-02-14T16:19:45Z). [Blog post]. Recuperado de https://www.google.com/url?rct=j&sa=t&url=https://www.bbc.com/news/articles/cde98j6dy9no&ct=ga&cd=CAIyHGI0OTlmNWFjYTQ5ODM1NjQ6Y29tOmVzOlVTOkw&usg=AOvVaw2Wox1ywguzO-EyffodZVH_"
      },
      "geometry": {
        "type": "Point",
        "coordinates": [
          -0.3301213755327681,
          53.76238625
        ]
      }
    },
    {
      "type": "Feature",
      "properties": {
        "title": "Finding a Way Out of Festering Conflict in India's Manipur | Crisis Group",
        "description": "**Finding a Way Out of Festering Conflict in India's Manipur | Crisis Group**\n\nfor [the] poppy plantation and drug business”.24 Singh's <b>war on drugs</b> included confiscation of narcotics, busting up factories, arresting those&nbsp;...\n\n[[https://www.google.com/url?rct=j&sa=t&url=https://www.crisisgroup.org/ar/node/25369&ct=ga&cd=CAIyHGI0OTlmNWFjYTQ5ODM1NjQ6Y29tOmVzOlVTOkw&usg=AOvVaw0Mh9W7FD-XemS5vdGI5Ocm|Ver la fuente]]",
        "published": "2025-02-14T16:17:05Z",
        "apa_citation": "Finding a Way Out of Festering Conflict in India's Manipur | Crisis Group. (2025-02-14T16:17:05Z). [Blog post]. Recuperado de https://www.google.com/url?rct=j&sa=t&url=https://www.crisisgroup.org/ar/node/25369&ct=ga&cd=CAIyHGI0OTlmNWFjYTQ5ODM1NjQ6Y29tOmVzOlVTOkw&usg=AOvVaw0Mh9W7FD-XemS5vdGI5Ocm"
      },
      "geometry": {
        "type": "Point",
        "coordinates": [
          78.6677428,
          22.3511148
        ]
      }
    },
    {
      "type": "Feature",
      "properties": {
        "title": "Remnants of Hezbollah <b>drug</b> ops found in abandoned factories in Syria - The Times of Israel",
        "description": "**Remnants of Hezbollah <b>drug</b> ops found in abandoned factories in Syria - The Times of Israel**\n\nLarge bags of captagon pills found in village of Qusair, where residents return after more than a decade of civil <b>war</b>. ... <b>drug</b> factory inside an&nbsp;...\n\n[[https://www.google.com/url?rct=j&sa=t&url=https://www.timesofisrael.com/remnants-of-hezbollah-drug-ops-found-in-abandoned-factories-in-syria/&ct=ga&cd=CAIyHGI0OTlmNWFjYTQ5ODM1NjQ6Y29tOmVzOlVTOkw&usg=AOvVaw2B26oVY9sl4H_UrUfPno26|Ver la fuente]]",
        "published": "2025-02-14T14:49:52Z",
        "apa_citation": "Remnants of Hezbollah <b>drug</b> ops found in abandoned factories in Syria - The Times of Israel. (2025-02-14T14:49:52Z). [Blog post]. Recuperado de https://www.google.com/url?rct=j&sa=t&url=https://www.timesofisrael.com/remnants-of-hezbollah-drug-ops-found-in-abandoned-factories-in-syria/&ct=ga&cd=CAIyHGI0OTlmNWFjYTQ5ODM1NjQ6Y29tOmVzOlVTOkw&usg=AOvVaw2B26oVY9sl4H_UrUfPno26"
      },
      "geometry": {
        "type": "Point",
        "coordinates": [
          38.42317811509885,
          34.8147886
        ]
      }
    }
  ]
}